Reference,Nom,Categorie,Departement,Marque,Saison,Tailles,Couleurs,Prix,Prix suggere,Stock total,Nb SKUs,Image (Oui/Non),Nb images,Image URLs;;;;;;;;;;;;;;;;
TEF301.402.O.K,BAS,Garçon,ACCESSOIRE,PERRI'S CORPORATION,PRINTEMPS 2026,,,,,0,0,Oui,5,https://media.musicarts.com/is/image/MMGS7/M10971000001001-00-2000x2000.jpg ; https://perris.ca/cdn/shop/files/PERRIS_SITE_1000X1000_IRONMAIDENGUITARTIN_1.jpg?v=1762180203 ; https://media.musicarts.com/is/image/MMGS7/M10971000001001-02-2000x2000.jpg ; https://perris.ca/cdn/shop/files/2025NEWBUNDLES.jpg?v=1756597984&width=3840 ; https://perris.ca/cdn/shop/files/PERRIS_SITE_1000X1000_ozzy_GUITARTIN_1.jpg?v=1762180468;;;;;;;;;;;;
6009977,COL ROND POLY,Fille,CHANDAIL M.C.,UNDER ARMOUR,PRINTEMPS 2026,,,,,0,0,Oui,5,https://underarmour.scene7.com/is/image/Underarmour/PS6009977-100_HF?rp=standard-0pad%7Cpdp&qlt=85&bgc=f0f0f0&wid=800&hei=1000&op_usm=1.75%2C0.3%2C2%2C0 ; https://underarmour.scene7.com/is/image/Underarmour/PS1373841-600_HF?rp=standard-0pad%7Cpdp&qlt=85&bgc=f0f0f0&wid=800&hei=1000&op_usm=1.75%2C0.3%2C2%2C0 ; http://www.merchology.com/cdn/shop/products/1379349-100-B_grande.jpg?v=1696958254 ; https://underarmour.scene7.com/is/image/Underarmour/PS1373841-004_HF?rp=standard-0pad%7CcartFullDesktop&qlt=85&bgc=f0f0f0&wid=400&hei=500&op_usm=1.75%2C0.3%2C2%2C0 ; https://underarmour.scene7.com/is/image/Underarmour/PS1381678-659_HF?rp=standard-0pad%7Cpdp&qlt=85&bgc=f0f0f0&wid=800&hei=1000&op_usm=1.75%2C0.3%2C2%2C0;;;;;;;;;;;;
6009992,COL ROND POLY,Femme,CHANDAIL M.C.,UNDER ARMOUR,PRINTEMPS 2026,,,,,0,0,Oui,5,https://underarmour.scene7.com/is/image/Underarmour/V5-6009992-001_CHDET?rp=standard-0pad%7Cpdp&qlt=85&bgc=f0f0f0&wid=800&hei=1000&op_usm=1.75%2C0.3%2C2%2C0 ; https://underarmour.scene7.com/is/image/Underarmour/V5-6009992-001_FC?rp=standard-0pad%7CcartFullDesktop&qlt=85&bgc=f0f0f0&wid=400&hei=500&op_usm=1.75%2C0.3%2C2%2C0 ; https://underarmour.scene7.com/is/image/Underarmour/V5-6009992-001_BC?rp=standard-0pad%7Cpdp&qlt=85&bgc=f0f0f0&wid=800&hei=1000&op_usm=1.75%2C0.3%2C2%2C0 ; https://underarmour.scene7.com/is/image/Underarmour/V5-6009992-001_FC?qlt=85&bgc=F0F0F0&wid=150&hei=150&resmode=sharp2 ; https://underarmour.scene7.com/is/image/Underarmour/V5-6009996-011_FC?rp=standard-0pad%7CcartFullDesktop&qlt=85&bgc=f0f0f0&wid=400&hei=500&op_usm=1.75%2C0.3%2C2%2C0;;;;;;;;;;;;
6010002,POLY,Femme,LEGGING,UNDER ARMOUR,PRINTEMPS 2026,,,,,0,0,Oui,5,https://underarmour.scene7.com/is/image/Underarmour/V5-6010002-008_FC?rp=standard-0pad%7CcartFullDesktop&qlt=85&bgc=f0f0f0&wid=400&hei=500&op_usm=1.75%2C0.3%2C2%2C0 ; https://underarmour.scene7.com/is/image/Underarmour/V5-6010002-466_FC?rp=standard-0pad%7CcartFullDesktop&qlt=85&bgc=f0f0f0&wid=400&hei=500&op_usm=1.75%2C0.3%2C2%2C0 ; https://underarmour.scene7.com/is/image/Underarmour/V5-6010002-100_FC?rp=standard-0pad%7Cpdp&qlt=85&bgc=f0f0f0&wid=800&hei=1000&op_usm=1.75%2C0.3%2C2%2C0 ; https://underarmour.scene7.com/is/image/Underarmour/V5-6010002-019_FC?rp=standard-0pad%7CcartFullDesktop&qlt=85&bgc=f0f0f0&wid=400&hei=500&op_usm=1.75%2C0.3%2C2%2C0 ; https://underarmour.scene7.com/is/image/Underarmour/V5-6010002-410_FC?rp=standard-0pad%7CcartFullDesktop&qlt=85&bgc=f0f0f0&wid=400&hei=500&op_usm=1.75%2C0.3%2C2%2C0;;;;;;;;;;;;
"TEF302.050.O.K,BAS,Garçon,ACCESSOIRE,PERRI'S CORPORATION,PRINTEMPS 2026,,,,,0,0,Oui,5,""https://m.media-amazon.com/images/I/815+f32aqPL._AC_UF1000,1000_QL80_.jpg "; https://perris.ca/cdn/shop/files/PERRIS_SITE_1000X1000_IRONMAIDENGUITARTIN_1.jpg?v=1762180203 ; https://m.media-amazon.com/images/I/810EhN5-LEL._AC_UY1000_.jpg ; https://media.musicarts.com/is/image/MMGS7/M10971000001001-00-2000x2000.jpg ;" https://m.media-amazon.com/images/I/71mcOnNxzwL._AC_UF350,350_QL80_.jpg""";;;;;;;;;;;;
6010007,POLY,Femme,CAMISOLE,UNDER ARMOUR,PRINTEMPS 2026,,,,,0,0,Oui,5,https://underarmour.scene7.com/is/image/Underarmour/V5-6010007-008_FC?rp=standard-0pad%7CcartFullDesktop&qlt=85&bgc=f0f0f0&wid=400&hei=500&op_usm=1.75%2C0.3%2C2%2C0 ; https://underarmour.scene7.com/is/image/Underarmour/V5-6010007-498_FC?rp=standard-0pad%7Cpdp&qlt=85&bgc=f0f0f0&wid=800&hei=1000&op_usm=1.75%2C0.3%2C2%2C0 ; https://underarmour.scene7.com/is/image/Underarmour/V5-6010007-600_FC?rp=standard-0pad%7CcartFullDesktop&qlt=85&bgc=f0f0f0&wid=400&hei=500&op_usm=1.75%2C0.3%2C2%2C0 ; https://underarmour.scene7.com/is/image/Underarmour/V5-6010007-498_BCKDET?rp=standard-0pad%7Cpdp&qlt=85&bgc=f0f0f0&wid=800&hei=1000&op_usm=1.75%2C0.3%2C2%2C0 ; https://underarmour.scene7.com/is/image/Underarmour/V5-6010007-498_BC?rp=standard-0pad%7CcartFullDesktop&qlt=85&bgc=f0f0f0&wid=400&hei=500&op_usm=1.75%2C0.3%2C2%2C0;;;;;;;;;;;;
6010588,COL ROND COTON,Femme,CHANDAIL M.C.,UNDER ARMOUR,PRINTEMPS 2026,,,,,0,0,Oui,5,https://underarmour.scene7.com/is/image/Underarmour/V5-6010588-001_FC?rp=standard-0pad%7CcartFullDesktop&qlt=85&bgc=f0f0f0&wid=400&hei=500&op_usm=1.75%2C0.3%2C2%2C0 ; https://underarmour.scene7.com/is/image/Underarmour/V5-6010588-100_FC?rp=standard-0pad%7CcartFullDesktop&qlt=85&bgc=f0f0f0&wid=400&hei=500&op_usm=1.75%2C0.3%2C2%2C0 ; https://underarmour.scene7.com/is/image/Underarmour/V5-6010588-690_FC?rp=standard-0pad%7CcartFullDesktop&qlt=85&bgc=f0f0f0&wid=400&hei=500&op_usm=1.75%2C0.3%2C2%2C0 ; https://underarmour.scene7.com/is/image/Underarmour/V5-6010588-100_LOGO?rp=standard-0pad%7Cpdp&qlt=85&bgc=f0f0f0&wid=800&hei=1000&op_usm=1.75%2C0.3%2C2%2C0 ; https://thesportcenter.gr/wp-content/uploads/2026/04/SHzNrrygY3f9gVkdszsymKbomMJWjRIW-1.jpg;;;;;;;;;;;;
6010595,COL ROND COTON,Femme,CHANDAIL M.C.,UNDER ARMOUR,PRINTEMPS 2026,,,,,0,0,Oui,5,https://www.integral-sport.fr/17442/tee-shirt-tech-twist-mc-femme.jpg ; https://underarmour.scene7.com/is/image/Underarmour/V5-6013543-008_FC?rp=standard-0pad%7CcartFullDesktop&qlt=85&bgc=f0f0f0&wid=400&hei=500&op_usm=1.75%2C0.3%2C2%2C0 ; https://www.integral-sport.fr/17445/tee-shirt-tech-twist-mc-femme.jpg ; https://underarmour.scene7.com/is/image/Underarmour/V5-1379475-023_FC?rp=standard-0pad%7Cpdp&qlt=85&bgc=f0f0f0&wid=800&hei=1000&op_usm=1.75%2C0.3%2C2%2C0 ; https://www.integral-sport.fr/17449/tee-shirt-tech-twist-mc-femme.jpg;;;;;;;;;;;;
6010703,COL ROND COTON,Homme,CHANDAIL M.C.,UNDER ARMOUR,AUTOMNE 25,,,,,0,0,Oui,5,https://www.tradeinn.com/f/14046/140463014/under-armour-t-shirt-a-manches-courtes-boxed-sportstyle.webp ; https://m.media-amazon.com/images/I/91YWVhB0lkL._AC_UY1000_.jpg ; https://www.cdiscount.com/pdt2/2/8/7/4/700x700/mp11843287/rw/tee-shirt-under-armour-gl-foundation-ss-homm.jpg ; https://www.cdiscount.com/pdt2/2/8/7/1/700x700/mp11843287/rw/tee-shirt-under-armour-gl-foundation-ss-homm.jpg ; https://m.media-amazon.com/images/I/81zwMef2auL._AC_UY350_.jpg;;;;;;;;;;;;
6010721,COL ROND COTON,Fille,CHANDAIL M.C.,UNDER ARMOUR,AUTOMNE 25,,,,,0,0,Oui,5,https://images.footballfanatics.com/maryland-terrapins/mens-under-armour-white-maryland-terrapins-iridescent-icon-t-shirt_ss5_p-203846910+pv-1+u-5fiirykny8smz1nizafv+v-hgb2o1jzyv7xeyh21sem.jpg?_hv=2&w=1018 ; https://i5.walmartimages.com/seo/Under-Armour-Girls-ArmourFleece-Iridescent-Big-Logo-Hoodie-014-Halo-Gray-Medium-Heather-Iridescent-Youth-Small_b9141298-1a53-4be1-b024-1cbc5b7d0162.57001f3b58826dc4d33b6c92ead66390.png?odnHeight=612&odnWidth=612&odnBg=FFFFFF ; https://media.finishline.com/i/finishline/6017364_299_M1?bg=rgb%28237%2C237%2C237%29&fmt=auto&w=1600&h=1600 ; https://images.footballfanatics.com/maryland-terrapins/mens-under-armour-black-maryland-terrapins-lacrosse-all-day-arch-fleece-pullover-hoodie_pi5196000_altimages_ff_5196678-e2ed34ed99c463d2532falt2_full.jpg?_hv=2&w=1018 ; https://images.footballfanatics.com/maryland-terrapins/mens-under-armour-white-maryland-terrapins-iridescent-icon-t-shirt_ss5_p-203846910+pv-3+u-5fiirykny8smz1nizafv+v-rofgg0ouuypihjfyprr4.jpg?_hv=2&w=1018;;;;;;;;;;;;
6010725,POLY,Femme,SHORT,UNDER ARMOUR,PRINTEMPS 2026,,,,,0,0,Oui,5,https://underarmour.scene7.com/is/image/Underarmour/V5-6010725-410_FC?rp=standard-0pad%7CcartFullDesktop&qlt=85&bgc=f0f0f0&wid=400&hei=500&op_usm=1.75%2C0.3%2C2%2C0 ; https://underarmour.scene7.com/is/image/Underarmour/V5-6010725-100_FC?rp=standard-0pad%7Cpdp&qlt=85&bgc=f0f0f0&wid=800&hei=1000&op_usm=1.75%2C0.3%2C2%2C0 ; https://underarmour.scene7.com/is/image/Underarmour/V5-6010725-870_FC?rp=standard-0pad%7CcartFullDesktop&qlt=85&bgc=f0f0f0&wid=400&hei=500&op_usm=1.75%2C0.3%2C2%2C0 ; https://underarmour.scene7.com/is/image/Underarmour/V5-6010725-100_WSTBND?rp=standard-0pad%7Cpdp&qlt=85&bgc=f0f0f0&wid=800&hei=1000&op_usm=1.75%2C0.3%2C2%2C0 ; https://underarmour.scene7.com/is/image/Underarmour/V5-6010725-100_FSF?rp=standard-0pad%7Cpdp&qlt=85&bgc=f0f0f0&wid=800&hei=1000&op_usm=1.75%2C0.3%2C2%2C0;;;;;;;;;;;;
6010730,COTON,Fille,HOODIE,UNDER ARMOUR,AUTOMNE 25,,,,,0,0,Oui,5,https://underarmour.scene7.com/is/image/Underarmour/PS6010730-001_HF?rp=standard-0pad%7CcartFullDesktop&qlt=85&bgc=f0f0f0&wid=400&hei=500&op_usm=1.75%2C0.3%2C2%2C0 ; https://underarmour.scene7.com/is/image/Underarmour/PS6010730-538_HF?rp=standard-0pad%7Cpdp&qlt=85&bgc=f0f0f0&wid=800&hei=1000&op_usm=1.75%2C0.3%2C2%2C0 ; https://underarmour.scene7.com/is/image/Underarmour/PS6010730-647_HF?rp=standard-0pad%7CcartFullDesktop&qlt=85&bgc=f0f0f0&wid=400&hei=500&op_usm=1.75%2C0.3%2C2%2C0 ; https://i.ebayimg.com/images/g/sVEAAOSwO~FoKm00/s-l500.jpg ; https://underarmour.scene7.com/is/image/Underarmour/PS6010730-659_HF?rp=standard-0pad%7CcartFullDesktop&qlt=85&bgc=f0f0f0&wid=400&hei=500&op_usm=1.75%2C0.3%2C2%2C0;;;;;;;;;;;;
6010870,COL ROND POLY,Femme,CHANDAIL M.C.,UNDER ARMOUR,PRINTEMPS 2026,,,,,0,0,Oui,5,https://joesusa.com/cdn/shop/files/16458_fm_grande.jpg?v=1777053001 ; https://underarmour.scene7.com/is/image/Underarmour/V5-6010870-100_FC?rp=standard-0pad%7Cpdp&qlt=85&bgc=f0f0f0&wid=800&hei=1000&op_usm=1.75%2C0.3%2C2%2C0 ; https://underarmour.scene7.com/is/image/Underarmour/V5-6010870-008_FC?rp=standard-0pad%7CcartFullDesktop&qlt=85&bgc=f0f0f0&wid=400&hei=500&op_usm=1.75%2C0.3%2C2%2C0 ; https://underarmour.scene7.com/is/image/Underarmour/V5-6010870-603_FC?rp=standard-0pad%7CcartFullDesktop&qlt=85&bgc=f0f0f0&wid=400&hei=500&op_usm=1.75%2C0.3%2C2%2C0 ; https://underarmour.scene7.com/is/image/Underarmour/V5-6010870-498_FC?rp=standard-0pad%7CcartFullDesktop&qlt=85&bgc=f0f0f0&wid=400&hei=500&op_usm=1.75%2C0.3%2C2%2C0;;;;;;;;;;;;
6010874,COL ROND POLY,Femme,CHANDAIL M.C.,UNDER ARMOUR,PRINTEMPS 2026,,,,,0,0,Oui,5,https://edge.curalate.com/v1/img/bAOChSXDqyB7kAy3qzXyRTHx1aWauGvh78emAsEHPnQ=/w/600 ; https://edge.curalate.com/v1/img/PcdpK5N7JGo2VkeKbxkp28r6HBGILbdeZ8q5WFe75IQ=/sc/600x600 ; https://i5.samsclubimages.com/asr/f06ec2fa-8b3d-40b3-ac45-88b6dced0d1d.c537d091fcc3e19a25117342e003a26f.jpeg ; https://underarmour.scene7.com/is/image/Underarmour/V5-6013543-008_FC?rp=standard-0pad%7Cpdp&qlt=85&bgc=f0f0f0&wid=800&hei=1000&op_usm=1.75%2C0.3%2C2%2C0 ; https://underarmour.scene7.com/is/image/Underarmour/V5-6010006-100_FC?rp=standard-0pad%7CcartFullDesktop&qlt=85&bgc=f0f0f0&wid=400&hei=500&op_usm=1.75%2C0.3%2C2%2C0;;;;;;;;;;;;
6010980,POLY,Homme,POLO M.C.,UNDER ARMOUR,PRINTEMPS 2026,,,,,0,0,Oui,5,https://underarmour.scene7.com/is/image/Underarmour/V5-6010980-100_FC?rp=standard-0pad%7CcartFullDesktop&qlt=85&bgc=f0f0f0&wid=400&hei=500&op_usm=1.75%2C0.3%2C2%2C0 ; https://underarmour.scene7.com/is/image/Underarmour/V5-6010980-603_FC?rp=standard-0pad%7CcartFullDesktop&qlt=85&bgc=f0f0f0&wid=400&hei=500&op_usm=1.75%2C0.3%2C2%2C0 ; https://underarmour.scene7.com/is/image/Underarmour/V5-6010980-001_FC?rp=standard-0pad%7CcartFullDesktop&qlt=85&bgc=f0f0f0&wid=400&hei=500&op_usm=1.75%2C0.3%2C2%2C0 ; https://cdn11.bigcommerce.com/s-mkx5msl2io/images/stencil/1280x1280/products/24640/156819/MATCHPLAY-STRIPE-MIDNIGHT-NAVY-MENS-POLO-POLO-6010980-410__S_1__23624.1780950735.png?c=1 ; https://underarmour.scene7.com/is/image/Underarmour/V5-6010980-625_FC?rp=standard-0pad%7CcartFullDesktop&qlt=85&bgc=f0f0f0&wid=400&hei=500&op_usm=1.75%2C0.3%2C2%2C0;;;;;;;;;;;;
6011331,POLY,Garçon,POLO M.C.,UNDER ARMOUR,PRINTEMPS 2026,,,,,0,0,Oui,5,https://underarmour.scene7.com/is/image/Underarmour/PS6011331-430_HF?rp=standard-0pad%7Cpdp&qlt=85&bgc=f0f0f0&wid=800&hei=1000&op_usm=1.75%2C0.3%2C2%2C0 ; https://underarmour.scene7.com/is/image/Underarmour/PS6011331-603_HF?rp=standard-0pad%7CcartFullDesktop&qlt=85&bgc=f0f0f0&wid=400&hei=500&op_usm=1.75%2C0.3%2C2%2C0 ; https://underarmour.scene7.com/is/image/Underarmour/PS6011331-430_HF?qlt=85&bgc=F0F0F0&wid=150&hei=150&resmode=sharp2 ; https://belk.scene7.com/is/image/Belk?layer=0&src=4500977_6011331_A_100&%24=&wid=828&fit=wrap ; https://belk.scene7.com/is/image/Belk?layer=0&src=4500977_6011331_B_603&%24=&wid=828&fit=wrap;;;;;;;;;;;;
6011354,POLY,Femme,SHORT,UNDER ARMOUR,PRINTEMPS 2026,,,,,0,0,Oui,5,https://underarmour.scene7.com/is/image/Underarmour/V5-6011354-600_FC?rp=standard-0pad%7CcartFullDesktop&qlt=85&bgc=f0f0f0&wid=400&hei=500&op_usm=1.75%2C0.3%2C2%2C0 ; https://underarmour.scene7.com/is/image/Underarmour/V5-6011354-498_FSF?rp=standard-0pad%7Cpdp&qlt=85&bgc=f0f0f0&wid=800&hei=1000&op_usm=1.75%2C0.3%2C2%2C0 ; https://underarmour.scene7.com/is/image/Underarmour/V5-6011354-498_FC?rp=standard-0pad%7Cpdp&qlt=85&bgc=f0f0f0&wid=800&hei=1000&op_usm=1.75%2C0.3%2C2%2C0 ; https://underarmour.scene7.com/is/image/Underarmour/V5-6011354-008_FC?rp=standard-0pad%7CcartFullDesktop&qlt=85&bgc=f0f0f0&wid=400&hei=500&op_usm=1.75%2C0.3%2C2%2C0 ; https://underarmour.scene7.com/is/image/Underarmour/V5-6011354-498_FC?qlt=85&bgc=F0F0F0&wid=150&hei=150&resmode=sharp2;;;;;;;;;;;;
"6013085,COL ROND COTON,Homme,CHANDAIL M.C.,UNDER ARMOUR,PRINTEMPS 2026,,,,,0,0,Oui,5,""https://m.media-amazon.com/images/I/91YWVhB0lkL._AC_UY1000_.jpg "; https://www.tradeinn.com/f/14046/140463014/under-armour-t-shirt-a-manches-courtes-boxed-sportstyle.webp ; https://static.galerieslafayette.com/cdn-cgi/image/width=224,height=244,quality=85,format=auto,fit=pad,background=white/media/images/hp_mod_100/hp_mod_100501174/hp_modvar_135882245/202603021117/t_shirt_ample_logo_en_coton_melange-1.jpg ; https://www.cdiscount.com/pdt2/2/8/7/1/550x550/mp11843287/rw/tee-shirt-under-armour-gl-foundation-ss-homm.jpg ;" https://m.media-amazon.com/images/I/81zwMef2auL._AC_UY350_.jpg""";;;;;;;;;;;;
6013508,COTON,Fille,HOODIE,UNDER ARMOUR,AUTOMNE 2026,,,,,0,0,Oui,5,https://underarmour.scene7.com/is/image/Underarmour/PS6013508-637_HF?rp=standard-0pad%7CcartFullDesktop&qlt=85&bgc=f0f0f0&wid=400&hei=500&op_usm=1.75%2C0.3%2C2%2C0 ; https://underarmour.scene7.com/is/image/Underarmour/PS6013508-001_HF?rp=standard-0pad%7CcartFullDesktop&qlt=85&bgc=f0f0f0&wid=400&hei=500&op_usm=1.75%2C0.3%2C2%2C0 ; https://underarmour.scene7.com/is/image/Underarmour/PS6013508-637_HB?rp=standard-0pad%7Cpdp&qlt=85&bgc=f0f0f0&wid=800&hei=1000&op_usm=1.75%2C0.3%2C2%2C0 ; https://underarmour.scene7.com/is/image/Underarmour/PS1381678-005_HF?rp=standard-0pad%7CcartFullDesktop&qlt=85&bgc=f0f0f0&wid=400&hei=500&op_usm=1.75%2C0.3%2C2%2C0 ; https://underarmour.scene7.com/is/image/Underarmour/V5-6013509-164_FC?rp=standard-0pad%7Cpdp&qlt=85&bgc=f0f0f0&wid=800&hei=1000&op_usm=1.75%2C0.3%2C2%2C0;;;;;;;;;;;;
73455,CROC,Unisexe,CHAUSSURE,BOGS CANADA (WEYCO GROUP),PRINTEMPS 25,,,,,0,0,Oui,5,https://www.bogsfootwear.com/shop/images/73455-279.jpg ; https://www.bogsfootwear.com/shop/rotate/73455-279/10.jpg ; https://www.bogsfootwear.ca/shop/rotate/73455-001/09.jpg ; https://www.bogsfootwear.ca/shop/rotate/73455-001/10.jpg ; https://www.bogsfootwear.com/shop/thumbnails/73455-653_t.jpg;;;;;;;;;;;;
CAF304.406.O.K,BAS,Garçon,ACCESSOIRE,PERRI'S CORPORATION,PRINTEMPS 2026,,,,,0,0,Oui,5,https://perris.ca/cdn/shop/files/PERRIS_SITE_1000X1000_IRONMAIDENGUITARTIN_1.jpg?v=1762180203 ; https://perris.ca/cdn/shop/files/GHOSTpicks_BANNER_1080X1080_cd822625-14fb-429e-afa4-53ddbb7454c8.jpg?v=1759945333 ; https://perris.ca/cdn/shop/files/IronMaidenSocks_10880x1080_1.jpg?v=1759947878 ; https://perris.ca/cdn/shop/files/PERRIS_SITE_1000X1000_ozzy_GUITARTIN_1.jpg?v=1762180468 ; https://perris.ca/cdn/shop/files/2025NEWBUNDLES.jpg?v=1756597984&width=3840;;;;;;;;;;;;
CAF306.050.O.K,BAS,Garçon,ACCESSOIRE,PERRI'S CORPORATION,PRINTEMPS 2026,,,,,0,0,Oui,5,https://perris.ca/cdn/shop/files/PERRIS_SITE_1000X1000_IRONMAIDENGUITARTIN_1.jpg?v=1762180203 ; https://m.media-amazon.com/images/I/81qTN3wbx-S._AC_UY1000_.jpg ; https://perris.ca/cdn/shop/files/GHOSTpicks_BANNER_1080X1080_cd822625-14fb-429e-afa4-53ddbb7454c8.jpg?v=1759945333 ; https://m.media-amazon.com/images/I/81ZV9Bo3cFL._AC_UY350_.jpg ; https://m.media-amazon.com/images/I/71t7-tmz0tL._AC_UY1000_.jpg;;;;;;;;;;;;
CAF307.422.O.K,BAS,Garçon,ACCESSOIRE,PERRI'S CORPORATION,PRINTEMPS 2026,,,,,0,0,Oui,5,https://perris.ca/cdn/shop/files/PERRIS_SITE_1000X1000_IRONMAIDENGUITARTIN_1.jpg?v=1762180203 ; https://perris.ca/cdn/shop/files/2025NEWBUNDLES.jpg?v=1756597984&width=3840 ; https://perris.ca/cdn/shop/files/GHOSTpicks_BANNER_1080X1080_cd822625-14fb-429e-afa4-53ddbb7454c8.jpg?v=1759945333 ; https://perris.ca/cdn/shop/files/PERRIS_SITE_1000X1000_ozzy_GUITARTIN_1.jpg?v=1762180468 ; https://media.musicarts.com/is/image/MMGS7/Direct-to-Leather-Red-Skulls-Guitar-Strap-2.5-in./M11658000000001-00-1600x1600.jpg;;;;;;;;;;;;
"CAF308.100.O.K,BAS,Garçon,ACCESSOIRE,PERRI'S CORPORATION,PRINTEMPS 2026,,,,,0,0,Oui,5,""https://perris.ca/cdn/shop/files/2025NEWBUNDLES.jpg?v=1756597984&width=3840 "; https://perris.ca/cdn/shop/files/PERRIS_SITE_1000X1000_IRONMAIDENGUITARTIN_1.jpg?v=1762180203 ; https://perris.ca/cdn/shop/files/IronMaidenSocks_10880x1080_1.jpg?v=1759947878 ; https://m.media-amazon.com/images/I/815+f32aqPL._AC_UF1000,1000_QL80_.jpg ;" https://perris.ca/cdn/shop/files/PERRIS_SITE_1000X1000_ozzy_GUITARTIN_1.jpg?v=1762180468""";;;;;;;;;;;;
"KRF309.001.O.K,BAS,Garçon,ACCESSOIRE,PERRI'S CORPORATION,PRINTEMPS 2026,,,,,0,0,Oui,5,""https://m.media-amazon.com/images/I/815+f32aqPL._AC_UF1000,1000_QL80_.jpg "; https://media.musicarts.com/is/image/MMGS7/M10971000001001-02-2000x2000.jpg ; https://m.media-amazon.com/images/I/810EhN5-LEL._AC_UY1000_.jpg ; https://media.musicarts.com/is/image/MMGS7/M10971000001001-00-2000x2000.jpg ;" https://m.media-amazon.com/images/I/71mcOnNxzwL._AC_UF350,350_QL80_.jpg""";;;;;;;;;;;;
SAC,SAC,,ACCESSOIRE,SAC RÉUTILISABLE,,,,,,0,0,Oui,5,https://www.2ndskin.ca/wp-content/uploads/2021/12/Q-Tees_QTBG_Natural_Front_High.jpg ; https://www.2ndskin.ca/wp-content/uploads/2021/12/b110_flat_black.jpg ; https://m.media-amazon.com/images/I/717QDkxUNEL._AC_UY1000_.jpg ; https://emballageedr.com/wp-content/uploads/2025/04/EDC-180514-HBK.png ; https://i5.walmartimages.ca/asr/bf8dcabe-bb2c-412f-8f87-c5ad1a2478a2.155c76410c9a893570bbc420ed7c2072.jpeg?odnHeight=612&odnWidth=612&odnBg=FFFFFF;;;;;;;;;;;;
SXBB32,SOUS-VÊTEMENT,,ACCESSOIRE,SAXX,AUTOMNE 25,,,,,0,0,Oui,5,http://petticoatfair.com/cdn/shop/files/SaxxDroptempCoolingMeshSXBB09F-GSHHeatherf.png?v=1691528853 ; http://boutiquedesigners.com/cdn/shop/products/s125398.png?v=1660171961 ; https://boutiquedesigners.com/cdn/shop/products/f125398.jpg?v=1660171970 ; https://www.running-conseil.com/media/catalog/product/cache/b9b6670ba00b167ff45d455e80f50017/s/x/sxbb32-mcn-1.jpg ; https://boutiquedesigners.com/cdn/shop/products/l125398.png?v=1660171968;;;;;;;;;;;;
6009799,POLY,Homme,POLO M.C.,UNDER ARMOUR,PRINTEMPS 2026,,,,,0,0,Oui,5,https://underarmour.scene7.com/is/image/Underarmour/V5-6009799-001_FC?rp=standard-0pad%7CcartFullDesktop&qlt=85&bgc=f0f0f0&wid=400&hei=500&op_usm=1.75%2C0.3%2C2%2C0 ; https://underarmour.scene7.com/is/image/Underarmour/V5-6009799-698_FC?rp=standard-0pad%7CcartFullDesktop&qlt=85&bgc=f0f0f0&wid=400&hei=500&op_usm=1.75%2C0.3%2C2%2C0 ; https://bluecollarmercantile.com/cdn/shop/files/ua-matchplay-short-sleeve-polo-under-armour-6009799-front_600x.webp?v=1772648732 ; https://underarmour.scene7.com/is/image/Underarmour/V5-6009799-312_FC?rp=standard-0pad%7CcartFullDesktop&qlt=85&bgc=f0f0f0&wid=400&hei=500&op_usm=1.75%2C0.3%2C2%2C0 ; https://underarmour.scene7.com/is/image/Underarmour/V5-6009799-696_FC?rp=standard-0pad%7CcartFullDesktop&qlt=85&bgc=f0f0f0&wid=400&hei=500&op_usm=1.75%2C0.3%2C2%2C0;;;;;;;;;;;;
6009975,POLY,Fille,LEGGING,UNDER ARMOUR,PRINTEMPS 2026,,,,,0,0,Oui,5,https://underarmour.scene7.com/is/image/Underarmour/V5-6009975-001_FC?rp=standard-0pad%7CcartFullDesktop&qlt=85&bgc=f0f0f0&wid=400&hei=500&op_usm=1.75%2C0.3%2C2%2C0 ; https://underarmour.scene7.com/is/image/Underarmour/V5-6009975-312_FC?rp=standard-0pad%7Cpdp&qlt=85&bgc=f0f0f0&wid=800&hei=1000&op_usm=1.75%2C0.3%2C2%2C0 ; https://underarmour.scene7.com/is/image/Underarmour/V5-6009975-466_FC?rp=standard-0pad%7CcartFullDesktop&qlt=85&bgc=f0f0f0&wid=400&hei=500&op_usm=1.75%2C0.3%2C2%2C0 ; https://underarmour.scene7.com/is/image/Underarmour/V5-6009975-600_FC?rp=standard-0pad%7CcartFullDesktop&qlt=85&bgc=f0f0f0&wid=400&hei=500&op_usm=1.75%2C0.3%2C2%2C0 ; https://underarmour.scene7.com/is/image/Underarmour/V5-6009975-312_BC?rp=standard-0pad%7Cpdp&qlt=85&bgc=f0f0f0&wid=800&hei=1000&op_usm=1.75%2C0.3%2C2%2C0;;;;;;;;;;;;
6009974,POLY,Fille,SHORT,UNDER ARMOUR,PRINTEMPS 2026,,,,,0,0,Oui,5,https://underarmour.scene7.com/is/image/Underarmour/V5-6009974-001_FC?rp=standard-0pad%7CcartFullDesktop&qlt=85&bgc=f0f0f0&wid=400&hei=500&op_usm=1.75%2C0.3%2C2%2C0 ; https://underarmour.scene7.com/is/image/Underarmour/PS6009974-466_HS?rp=standard-0pad%7Cpdp&qlt=85&bgc=f0f0f0&wid=800&hei=1000&op_usm=1.75%2C0.3%2C2%2C0 ; https://underarmour.scene7.com/is/image/Underarmour/V5-6009974-600_FC?rp=standard-0pad%7CcartFullDesktop&qlt=85&bgc=f0f0f0&wid=400&hei=500&op_usm=1.75%2C0.3%2C2%2C0 ; https://underarmour.scene7.com/is/image/Underarmour/V5-6009974-466_FSF?rp=standard-0pad%7Cpdp&qlt=85&bgc=f0f0f0&wid=800&hei=1000&op_usm=1.75%2C0.3%2C2%2C0 ; https://underarmour.scene7.com/is/image/Underarmour/V5-6009974-466_BC?rp=standard-0pad%7CcartFullDesktop&qlt=85&bgc=f0f0f0&wid=400&hei=500&op_usm=1.75%2C0.3%2C2%2C0;;;;;;;;;;;;
6009967,POLY,Femme,SHORT,UNDER ARMOUR,PRINTEMPS 2026,,,,,0,0,Oui,5,https://underarmour.scene7.com/is/image/Underarmour/V5-6009967-200_FC?rp=standard-0pad%7Cpdp&qlt=85&bgc=f0f0f0&wid=800&hei=1000&op_usm=1.75%2C0.3%2C2%2C0 ; https://underarmour.scene7.com/is/image/Underarmour/V5-6009967-008_FC?rp=standard-0pad%7CcartFullDesktop&qlt=85&bgc=f0f0f0&wid=400&hei=500&op_usm=1.75%2C0.3%2C2%2C0 ; https://underarmour.scene7.com/is/image/Underarmour/V5-6009967-200_WSTBND?rp=standard-0pad%7Cpdp&qlt=85&bgc=f0f0f0&wid=800&hei=1000&op_usm=1.75%2C0.3%2C2%2C0 ; https://underarmour.scene7.com/is/image/Underarmour/V5-6009967-498_FC?rp=standard-0pad%7CcartFullDesktop&qlt=85&bgc=f0f0f0&wid=400&hei=500&op_usm=1.75%2C0.3%2C2%2C0 ; https://underarmour.scene7.com/is/image/Underarmour/V5-6009967-200_FSF?rp=standard-0pad%7Cpdp&qlt=85&bgc=f0f0f0&wid=800&hei=1000&op_usm=1.75%2C0.3%2C2%2C0;;;;;;;;;;;;
6009898,COL ROND POLY,Garçon,CHANDAIL M.C.,UNDER ARMOUR,PRINTEMPS 2026,,,,,0,0,Oui,5,https://underarmour.scene7.com/is/image/Underarmour/PS6009816-312_HF?rp=standard-0pad%7CcartFullDesktop&qlt=85&bgc=f0f0f0&wid=400&hei=500&op_usm=1.75%2C0.3%2C2%2C0 ; https://underarmour.scene7.com/is/image/Underarmour/PS6009817-410_HF?rp=standard-0pad%7CcartFullDesktop&qlt=85&bgc=f0f0f0&wid=400&hei=500&op_usm=1.75%2C0.3%2C2%2C0 ; https://shopcrazyhouse.com/cdn/shop/files/men-s-under-armour-green-matchplay-printed-polo-6009800-477-1.png?v=1781639054&width=600 ; https://underarmour.scene7.com/is/image/Underarmour/PS6009816-430_HF?rp=standard-0pad%7CcartFullDesktop&qlt=85&bgc=f0f0f0&wid=400&hei=500&op_usm=1.75%2C0.3%2C2%2C0 ; https://underarmour.scene7.com/is/image/Underarmour/PS6009816-100_HB?rp=standard-0pad%7Cpdp&qlt=85&bgc=f0f0f0&wid=800&hei=1000&op_usm=1.75%2C0.3%2C2%2C0;;;;;;;;;;;;
6009897,POLY,Garçon,SHORT,UNDER ARMOUR,PRINTEMPS 2026,,,,,0,0,Oui,5,https://underarmour.scene7.com/is/image/Underarmour/PS6009897-025_HF?rp=standard-0pad%7CcartFullDesktop&qlt=85&bgc=f0f0f0&wid=400&hei=500&op_usm=1.75%2C0.3%2C2%2C0 ; https://underarmour.scene7.com/is/image/Underarmour/PS6009897-025_HB?rp=standard-0pad%7Cpdp&qlt=85&bgc=f0f0f0&wid=800&hei=1000&op_usm=1.75%2C0.3%2C2%2C0 ; https://underarmour.scene7.com/is/image/Underarmour/PS6006262-001_HB?rp=standard-0pad%7Cpdp&qlt=85&bgc=f0f0f0&wid=800&hei=1000&op_usm=1.75%2C0.3%2C2%2C0 ; https://img.sport2000.fr/V4USh_BckMaujxvlAct8Gr44sXe5oY2584iJvNdLGlo/resize:fit:0:0/aHR0cDovL3BsYWlu/ZS1kYXRhLm1lemNh/bGl0by5uZXQvNjAw/OTg5Ny0zMzgtc3Bv/cnQyMDAwL3dlYi02/MDA5ODk3LTMzOC1w/LmpwZw.webp ; https://underarmour.scene7.com/is/image/Underarmour/PS1383403-001_HF?rp=standard-0pad%7Cpdp&qlt=85&bgc=f0f0f0&wid=800&hei=1000&op_usm=1.75%2C0.3%2C2%2C0;;;;;;;;;;;;
6009816,POLY,Garçon,POLO M.C.,UNDER ARMOUR,PRINTEMPS 2026,,,,,0,0,Oui,5,https://underarmour.scene7.com/is/image/Underarmour/PS6009816-100_HF?rp=standard-0pad%7CcartFullDesktop&qlt=85&bgc=f0f0f0&wid=400&hei=500&op_usm=1.75%2C0.3%2C2%2C0 ; https://underarmour.scene7.com/is/image/Underarmour/PS6009816-430_HF?rp=standard-0pad%7CcartFullDesktop&qlt=85&bgc=f0f0f0&wid=400&hei=500&op_usm=1.75%2C0.3%2C2%2C0 ; https://underarmour.scene7.com/is/image/Underarmour/PS6009816-408_HF?rp=standard-0pad%7CcartFullDesktop&qlt=85&bgc=f0f0f0&wid=400&hei=500&op_usm=1.75%2C0.3%2C2%2C0 ; https://underarmour.scene7.com/is/image/Underarmour/PS6009816-312_HF?rp=standard-0pad%7CcartFullDesktop&qlt=85&bgc=f0f0f0&wid=400&hei=500&op_usm=1.75%2C0.3%2C2%2C0 ; https://underarmour.scene7.com/is/image/Underarmour/PS6009816-604_HF?rp=standard-0pad%7CcartFullDesktop&qlt=85&bgc=f0f0f0&wid=400&hei=500&op_usm=1.75%2C0.3%2C2%2C0;;;;;;;;;;;;
6009800,POLY,Homme,POLO M.C.,UNDER ARMOUR,PRINTEMPS 2026,,,,,0,0,Oui,5,https://underarmour.scene7.com/is/image/Underarmour/V5-6009800-102_FC?rp=standard-0pad%7Cpdp&qlt=85&bgc=f0f0f0&wid=800&hei=1000&op_usm=1.75%2C0.3%2C2%2C0 ; https://underarmour.scene7.com/is/image/Underarmour/V5-6009800-430_FC?rp=standard-0pad%7CcartFullDesktop&qlt=85&bgc=f0f0f0&wid=400&hei=500&op_usm=1.75%2C0.3%2C2%2C0 ; https://shopcrazyhouse.com/cdn/shop/files/men-s-under-armour-green-matchplay-printed-polo-6009800-477-1.png?v=1781639054&width=1920 ; https://underarmour.scene7.com/is/image/Underarmour/V5-6009800-290_FC?rp=standard-0pad%7CcartFullDesktop&qlt=85&bgc=f0f0f0&wid=400&hei=500&op_usm=1.75%2C0.3%2C2%2C0 ; http://bluecollarmercantile.com/cdn/shop/files/under-armour-6009800-ua-matchplay-printed-short-sleeve-polo-front.webp?v=1775841251;;;;;;;;;;;;
6009541,COL ROND POLY,Femme,CHANDAIL M.C.,UNDER ARMOUR,PRINTEMPS 2026,,,,,0,0,Oui,5,https://underarmour.scene7.com/is/image/Underarmour/V5-6009541-001_FC?rp=standard-0pad%7CcartFullDesktop&qlt=85&bgc=f0f0f0&wid=400&hei=500&op_usm=1.75%2C0.3%2C2%2C0 ; https://underarmour.scene7.com/is/image/Underarmour/V5-6009541-100_FC?rp=standard-0pad%7Cpdp&qlt=85&bgc=f0f0f0&wid=800&hei=1000&op_usm=1.75%2C0.3%2C2%2C0 ; https://underarmour.scene7.com/is/image/Underarmour/V5-6009541-100_CHDET?rp=standard-0pad%7Cpdp&qlt=85&bgc=f0f0f0&wid=800&hei=1000&op_usm=1.75%2C0.3%2C2%2C0 ; https://underarmour.scene7.com/is/image/Underarmour/V5-6009541-738_FC?rp=standard-0pad%7CcartFullDesktop&qlt=85&bgc=f0f0f0&wid=400&hei=500&op_usm=1.75%2C0.3%2C2%2C0 ; https://underarmour.scene7.com/is/image/Underarmour/V5-6009541-712_FC?rp=standard-0pad%7CcartFullDesktop&qlt=85&bgc=f0f0f0&wid=400&hei=500&op_usm=1.75%2C0.3%2C2%2C0;;;;;;;;;;;;
6009540,COL ROND POLY,Femme,CHANDAIL M.C.,UNDER ARMOUR,PRINTEMPS 2026,,,,,0,0,Oui,5,https://underarmour.scene7.com/is/image/Underarmour/V5-6009540-100_FC?rp=standard-0pad%7CcartFullDesktop&qlt=85&bgc=f0f0f0&wid=400&hei=500&op_usm=1.75%2C0.3%2C2%2C0 ; https://underarmour.scene7.com/is/image/Underarmour/V5-6009540-001_FC?rp=standard-0pad%7CcartFullDesktop&qlt=85&bgc=f0f0f0&wid=400&hei=500&op_usm=1.75%2C0.3%2C2%2C0 ; https://underarmour.scene7.com/is/image/Underarmour/V5-6009540-100_CHDET?rp=standard-0pad%7Cpdp&qlt=85&bgc=f0f0f0&wid=800&hei=1000&op_usm=1.75%2C0.3%2C2%2C0 ; https://underarmour.scene7.com/is/image/Underarmour/V5-6009540-100_BC?rp=standard-0pad%7Cpdp&qlt=85&bgc=f0f0f0&wid=800&hei=1000&op_usm=1.75%2C0.3%2C2%2C0 ; https://underarmour.scene7.com/is/image/Underarmour/V5-6009540-698_FC?rp=standard-0pad%7CcartFullDesktop&qlt=85&bgc=f0f0f0&wid=400&hei=500&op_usm=1.75%2C0.3%2C2%2C0;;;;;;;;;;;;
6009494,POLY,Femme,LEGGING,UNDER ARMOUR,PRINTEMPS 2026,,,,,0,0,Oui,5,https://underarmour.scene7.com/is/image/Underarmour/V5-6009494-001_FC?rp=standard-0pad%7Cpdp&qlt=85&bgc=f0f0f0&wid=800&hei=1000&op_usm=1.75%2C0.3%2C2%2C0 ; https://underarmour.scene7.com/is/image/Underarmour/V5-6009494-001_FSF?rp=standard-0pad%7Cpdp&qlt=85&bgc=f0f0f0&wid=800&hei=1000&op_usm=1.75%2C0.3%2C2%2C0 ; https://underarmour.scene7.com/is/image/Underarmour/V5-6009494-001_BC?rp=standard-0pad%7Cpdp&qlt=85&bgc=f0f0f0&wid=800&hei=1000&op_usm=1.75%2C0.3%2C2%2C0 ; https://underarmour.scene7.com/is/image/Underarmour/V5-6009494-025_FC?qlt=85&bgc=F0F0F0&wid=150&hei=150&resmode=sharp2 ; https://underarmour.scene7.com/is/image/Underarmour/V5-6009495-001_FC?rp=standard-0pad%7Cpdp&qlt=85&bgc=f0f0f0&wid=800&hei=1000&op_usm=1.75%2C0.3%2C2%2C0;;;;;;;;;;;;
"6009379,COL ROND COTON,Homme,CHANDAIL M.C.,UNDER ARMOUR,PRINTEMPS 2026,,,,,0,0,Oui,5,""https://shop.hamiltonmarine.com/inet/storefront/getimage.php?recid=175392 "; https://m.media-amazon.com/images/I/91YWVhB0lkL._AC_UY1000_.jpg ; https://www.tradeinn.com/f/14046/140463014/under-armour-t-shirt-a-manches-courtes-boxed-sportstyle.webp ; https://static.galerieslafayette.com/cdn-cgi/image/width=224,height=244,quality=85,format=auto,fit=pad,background=white/media/images/hp_mod_100/hp_mod_100501174/hp_modvar_135882245/202603021117/t_shirt_ample_logo_en_coton_melange-1.jpg ;" https://www.cdiscount.com/pdt2/2/8/7/4/700x700/mp11843287/rw/tee-shirt-under-armour-gl-foundation-ss-homm.jpg""";;;;;;;;;;;;
6009366,SANDALE,Homme,CHAUSSURE,UNDER ARMOUR,PRINTEMPS 2026,,,,,0,0,Oui,5,https://underarmour.scene7.com/is/image/Underarmour/6009366-280_DEFAULT?rp=standard-30pad%7Cpdp&qlt=85&bgc=f0f0f0&wid=800&hei=1000&size=770%2C970&op_usm=1.75%2C0.3%2C2%2C0 ; https://underarmour.scene7.com/is/image/Underarmour/6009366-003_DEFAULT?rp=standard-20pad%7CcartFullDesktop&qlt=85&bgc=f0f0f0&wid=400&hei=500&size=380%2C480&op_usm=1.75%2C0.3%2C2%2C0 ; https://underarmour.scene7.com/is/image/Underarmour/6009366-280_TOE?rp=standard-30pad%7Cpdp&qlt=85&bgc=f0f0f0&wid=800&hei=1000&size=770%2C970&op_usm=1.75%2C0.3%2C2%2C0 ; https://belk.scene7.com/is/image/Belk?layer=0&src=3900470_6009366_A_002&%24=&wid=828&fit=wrap ; https://underarmour.scene7.com/is/image/Underarmour/6009366-280_PAIR?rp=standard-30pad%7Cpdp&qlt=85&bgc=f0f0f0&wid=800&hei=1000&size=770%2C970&op_usm=1.75%2C0.3%2C2%2C0;;;;;;;;;;;;
6009347,COL ROND POLY,Homme,CHANDAIL M.L.,UNDER ARMOUR,PRINTEMPS 2026,,,,,0,0,Oui,5,https://underarmour.scene7.com/is/image/Underarmour/V5-6009347-001_FC?rp=standard-0pad%7CcartFullDesktop&qlt=85&bgc=f0f0f0&wid=400&hei=500&op_usm=1.75%2C0.3%2C2%2C0 ; https://underarmour.scene7.com/is/image/Underarmour/V5-6009347-110_FC?rp=standard-0pad%7Cpdp&qlt=85&bgc=f0f0f0&wid=800&hei=1000&op_usm=1.75%2C0.3%2C2%2C0 ; https://underarmour.scene7.com/is/image/Underarmour/V5-6009347-338_FC?rp=standard-0pad%7CcartFullDesktop&qlt=85&bgc=f0f0f0&wid=400&hei=500&op_usm=1.75%2C0.3%2C2%2C0 ; https://underarmour.scene7.com/is/image/Underarmour/V5-6009347-448_FC?rp=standard-0pad%7CcartFullDesktop&qlt=85&bgc=f0f0f0&wid=400&hei=500&op_usm=1.75%2C0.3%2C2%2C0 ; https://underarmour.scene7.com/is/image/Underarmour/V5-6009347-299_FC?rp=standard-0pad%7CcartFullDesktop&qlt=85&bgc=f0f0f0&wid=400&hei=500&op_usm=1.75%2C0.3%2C2%2C0;;;;;;;;;;;;
6009344,JOGGERS,Homme,PANTALON,UNDER ARMOUR,PRINTEMPS 2026,,,,,0,0,Oui,5,https://underarmour.scene7.com/is/image/Underarmour/V5-6009344-110_FC?rp=standard-0pad%7Cpdp&qlt=85&bgc=f0f0f0&wid=800&hei=1000&op_usm=1.75%2C0.3%2C2%2C0 ; https://underarmour.scene7.com/is/image/Underarmour/V5-6009344-001_FC?rp=standard-0pad%7CcartFullDesktop&qlt=85&bgc=f0f0f0&wid=400&hei=500&op_usm=1.75%2C0.3%2C2%2C0 ; https://underarmour.scene7.com/is/image/Underarmour/V5-6009344-110_BC?rp=standard-0pad%7Cpdp&qlt=85&bgc=f0f0f0&wid=800&hei=1000&op_usm=1.75%2C0.3%2C2%2C0 ; https://underarmour.scene7.com/is/image/Underarmour/V5-6009344-110_FSF?rp=standard-0pad%7Cpdp&qlt=85&bgc=f0f0f0&wid=800&hei=1000&op_usm=1.75%2C0.3%2C2%2C0 ; https://underarmour.scene7.com/is/image/Underarmour/M_Bottoms_Oversized_Wht_2400x3000?qlt=85&wid=400&hei=400;;;;;;;;;;;;
6009335,CASQUETTE,Femme,ACCESSOIRE,UNDER ARMOUR,PRINTEMPS 2026,,,,,0,0,Oui,5,https://underarmour.scene7.com/is/image/Underarmour/6009335-100_SLF_SL?rp=standard-0pad%7Cpdp&qlt=85&bgc=f0f0f0&wid=800&hei=1000&op_usm=1.75%2C0.3%2C2%2C0 ; https://underarmour.scene7.com/is/image/Underarmour/V5-6009335-100_FC?rp=standard-0pad%7Cpdp&qlt=85&bgc=f0f0f0&wid=800&hei=1000&op_usm=1.75%2C0.3%2C2%2C0 ; https://underarmour.scene7.com/is/image/Underarmour/6009335-448_SLF_SL?rp=standard-0pad%7CcartFullDesktop&qlt=85&bgc=f0f0f0&wid=400&hei=500&op_usm=1.75%2C0.3%2C2%2C0 ; https://underarmour.scene7.com/is/image/Underarmour/6009335-637_SLF_SL?rp=standard-0pad%7CcartFullDesktop&qlt=85&bgc=f0f0f0&wid=400&hei=500&op_usm=1.75%2C0.3%2C2%2C0 ; https://underarmour.scene7.com/is/image/Underarmour/6009335-001_SLF_SL?rp=standard-0pad%7CcartFullDesktop&qlt=85&bgc=f0f0f0&wid=400&hei=500&op_usm=1.75%2C0.3%2C2%2C0;;;;;;;;;;;;
6009205,COL ROND POLY,Homme,CHANDAIL M.L.,UNDER ARMOUR,PRINTEMPS 2026,,,,,0,0,Oui,5,https://underarmour.scene7.com/is/image/Underarmour/V5-1365389-001_FC?rp=standard-0pad%7Cpdp&qlt=85&bgc=f0f0f0&wid=800&hei=1000&op_usm=1.75%2C0.3%2C2%2C0 ; https://m.media-amazon.com/images/I/51Laz38JFrL._AC_UY1000_.jpg ; https://media.kohlsimg.com/is/image/kohls/7138761?wid=400&hei=400&op_sharpen=1 ; https://m.media-amazon.com/images/I/51Xza2IPvpL._AC_UY1000_.jpg ; https://www.big5sportinggoods.com/catalogimage/img/product/rwd/large/4516_10465_1518_015_large_07.jpg;;;;;;;;;;;;
6007918,COL ROND POLY,Fille,CHANDAIL M.C.,UNDER ARMOUR,AUTOMNE 25,,,,,0,0,Oui,6,https://belk.scene7.com/is/image/Belk?layer=0&src=4201351_6007918_A_672&%24=&wid=828&fit=wrap ; https://belk.scene7.com/is/image/Belk?layer=0&src=4201351_6007918_D_672&%24=&wid=828&fit=wrap ; https://belk.scene7.com/is/image/Belk?layer=0&src=4201351_6007918_B_672&%24=&wid=828&fit=wrap ; https://sportscenter242.com/cdn/shop/files/PS6007917-402_HF.jpg?v=1757968927&width=600 ; https://alssports.vteximg.com.br/arquivos/ids/3760419/10612496x1315815_alt2.jpg?v=639004257695900000 ; https://dks.scene7.com/is/image/GolfGalaxy/21UARGRMRMCKNCKXXAPT_White?qlt=70&wid=780&hei=780&fmt=pjpeg&op_sharpen=1&fit=constrain;;;;;;;;;;;
6007912,POLY,Femme,CAMISOLE,UNDER ARMOUR,PRINTEMPS 2026,,,,,0,0,Oui,5,https://underarmour.scene7.com/is/image/Underarmour/V5-6007912-100_FC?rp=standard-0pad%7Cpdp&qlt=85&bgc=f0f0f0&wid=800&hei=1000&op_usm=1.75%2C0.3%2C2%2C0 ; https://underarmour.scene7.com/is/image/Underarmour/V5-6007912-712_FC?rp=standard-0pad%7CcartFullDesktop&qlt=85&bgc=f0f0f0&wid=400&hei=500&op_usm=1.75%2C0.3%2C2%2C0 ; https://underarmour.com.ph/cdn/shop/files/s7.V5-6007912-001_FC.webp?crop=center&height=1080&v=1762503095&width=1080 ; https://underarmour.scene7.com/is/image/Underarmour/V5-6007912-520_FC?rp=standard-0pad%7CcartFullDesktop&qlt=85&bgc=f0f0f0&wid=400&hei=500&op_usm=1.75%2C0.3%2C2%2C0 ; https://underarmour.scene7.com/is/image/Underarmour/V5-6007912-709_FC?rp=standard-0pad%7CcartFullDesktop&qlt=85&bgc=f0f0f0&wid=400&hei=500&op_usm=1.75%2C0.3%2C2%2C0;;;;;;;;;;;;
6007590,POLY,Garçon,CAMISOLE,UNDER ARMOUR,PRINTEMPS 2026,,,,,0,0,Oui,5,https://clement.ca/cdn/shop/files/ARM-6007590-002_NOI_A.jpg?v=1764964857&width=1920 ; https://underarmour.scene7.com/is/image/Underarmour/PS6007590-425_HS?rp=standard-0pad%7Cpdp&qlt=85&bgc=f0f0f0&wid=800&hei=1000&op_usm=1.75%2C0.3%2C2%2C0 ; https://underarmour.scene7.com/is/image/Underarmour/PS6007590-391_HF?rp=standard-0pad%7CcartFullDesktop&qlt=85&bgc=f0f0f0&wid=400&hei=500&op_usm=1.75%2C0.3%2C2%2C0 ; https://underarmour.scene7.com/is/image/Underarmour/PS6007590-847_HF?rp=standard-0pad%7CcartFullDesktop&qlt=85&bgc=f0f0f0&wid=400&hei=500&op_usm=1.75%2C0.3%2C2%2C0 ; https://underarmour.scene7.com/is/image/Underarmour/PS6007590-425_HB?rp=standard-0pad%7Cpdp&qlt=85&bgc=f0f0f0&wid=800&hei=1000&op_usm=1.75%2C0.3%2C2%2C0;;;;;;;;;;;;
6007538,SANDALE,Fille,CHAUSSURE,UNDER ARMOUR,PRINTEMPS 2026,,,,,0,0,Oui,5,https://clement.ca/cdn/shop/files/ARM-6007538-600_ROS_B.jpg?v=1769100312&width=860 ; https://clement.ca/cdn/shop/files/ARM-6007538-600_ROS_E.jpg?v=1769100312&width=860 ; https://clement.ca/cdn/shop/files/ARM-6007538-600_ROS_A.jpg?v=1769100312&width=112 ; https://fglprdcdn.azureedge.net/images/166511-htpq-1-Medium.jpg ; https://s3.amazonaws.com/pierreroychaussures/thumbs/20230128034204944/under_armour_enfant_sandale_rose_under_armour_sandales_enfants_filles.png;;;;;;;;;;;;
"6007537,SANDALE,Garçon,CHAUSSURE,UNDER ARMOUR,PRINTEMPS 2026,,,,,0,0,Oui,5,""https://www.shoesensation.com/media/catalog/product/underarmour/underarmour-6007537-001-uabarmrslidelite-black01.jpg?optimize=medium&bg-color=255,255,255&fit=bounds&height=700&width=700 "; https://img.sport2000.fr/s0R8VZGA4JYUPXyzxkLfBpo24uP1XV3JYG5BssbTU8U/resize:fit:0:0/aHR0cDovL3BsYWlu/ZS1kYXRhLm1lemNh/bGl0by5uZXQvNjAw/NzUzNy0wMDEtc3Bv/cnQyMDAwL3dlYi02/MDA3NTM3LTAwMS0w/Mi5qcGc.webp ; https://img.sport2000.fr/asUQFlQTBEIRbU5cNSjaTuf6HvbsQqd3bBs6ULbmpIo/resize:fit:0:0/aHR0cDovL3BsYWlu/ZS1kYXRhLm1lemNh/bGl0by5uZXQvNjAw/NzUzNy0wMDEtc3Bv/cnQyMDAwL3dlYi02/MDA3NTM3LTAwMS0w/NC5qcGc.webp ; https://img.sport2000.fr/mIL2Qoa8AlOesse2kR-a4yCmz39iWc1TLUldzfX1rf0/resize:fit:0:0/aHR0cDovL3BsYWlu/ZS1kYXRhLm1lemNh/bGl0by5uZXQvNjAw/NzUzNy0wMDEtc3Bv/cnQyMDAwL3dlYi02/MDA3NTM3LTAwMS1w/LmpwZw.webp ;" https://underarmour.scene7.com/is/image/Underarmour/6007537-024_DEFAULT?rp=standard-30pad|grid&qlt=85&bgc=f0f0f0&wid=400&hei=500&size=360,460&op_usm=1.75,0.3,2,0""";;;;;;;;;;;;
6007532,SANDALE,Femme,CHAUSSURE,UNDER ARMOUR,PRINTEMPS 2026,,,,,0,0,Oui,5,https://underarmour.scene7.com/is/image/Underarmour/6007532-101_DEFAULT?rp=standard-20pad%7CcartFullDesktop&qlt=85&bgc=f0f0f0&wid=400&hei=500&size=380%2C480&op_usm=1.75%2C0.3%2C2%2C0 ; https://underarmour.scene7.com/is/image/Underarmour/6007532-101_TOE?rp=standard-30pad%7Cpdp&qlt=85&bgc=f0f0f0&wid=800&hei=1000&size=770%2C970&op_usm=1.75%2C0.3%2C2%2C0 ; https://pegashoes.com/cdn/shop/files/6007532-001_4.jpg?v=1772458802&width=800 ; https://underarmour.scene7.com/is/image/Underarmour/6007532-703_DEFAULT?rp=standard-20pad%7CcartFullDesktop&qlt=85&bgc=f0f0f0&wid=400&hei=500&size=380%2C480&op_usm=1.75%2C0.3%2C2%2C0 ; https://pegashoes.com/cdn/shop/files/6007532-001_3.jpg?v=1772458771&width=800;;;;;;;;;;;;
6007140,ESPADRILLE,Homme,CHAUSSURE,UNDER ARMOUR,PRINTEMPS 2026,,,,,0,0,Oui,5,https://underarmour.scene7.com/is/image/Underarmour/6007140-016_DEFAULT?rp=standard-20pad%7CcartFullDesktop&qlt=85&bgc=f0f0f0&wid=400&hei=500&size=380%2C480&op_usm=1.75%2C0.3%2C2%2C0 ; https://underarmour.scene7.com/is/image/Underarmour/6007140-100_DEFAULT?rp=standard-20pad%7CcartFullDesktop&qlt=85&bgc=f0f0f0&wid=400&hei=500&size=380%2C480&op_usm=1.75%2C0.3%2C2%2C0 ; https://underarmour.scene7.com/is/image/Underarmour/6007140-103_DEFAULT?rp=standard-20pad%7CcartFullDesktop&qlt=85&bgc=f0f0f0&wid=400&hei=500&size=380%2C480&op_usm=1.75%2C0.3%2C2%2C0 ; https://underarmour.scene7.com/is/image/Underarmour/6007140-430_DEFAULT?rp=standard-20pad%7CcartFullDesktop&qlt=85&bgc=f0f0f0&wid=400&hei=500&size=380%2C480&op_usm=1.75%2C0.3%2C2%2C0 ; https://underarmour.scene7.com/is/image/Underarmour/6007140-100_TOE?rp=standard-30pad%7Cpdp&qlt=85&bgc=f0f0f0&wid=800&hei=1000&size=770%2C970&op_usm=1.75%2C0.3%2C2%2C0;;;;;;;;;;;;
6007134,COL ROND POLY,Fille,CHANDAIL M.C.,UNDER ARMOUR,PRINTEMPS 2026,,,,,0,0,Oui,5,https://sportscenter242.com/cdn/shop/files/PS6007134-647_HF.jpg?v=1742996703&width=600 ; https://underarmour.scene7.com/is/image/Underarmour/PS6007134-600_HF?rp=standard-0pad%7Cpdp&qlt=85&bgc=f0f0f0&wid=800&hei=1000&op_usm=1.75%2C0.3%2C2%2C0 ; https://underarmour.scene7.com/is/image/Underarmour/PS6007134-600_HB?rp=standard-0pad%7Cpdp&qlt=85&bgc=f0f0f0&wid=800&hei=1000&op_usm=1.75%2C0.3%2C2%2C0 ; https://underarmour.scene7.com/is/image/Underarmour/PS6007134-870_HF?rp=standard-0pad%7CcartFullDesktop&qlt=85&bgc=f0f0f0&wid=400&hei=500&op_usm=1.75%2C0.3%2C2%2C0 ; https://images.footballfanatics.com/maryland-terrapins/mens-under-armour-white-maryland-terrapins-iridescent-icon-t-shirt_ss5_p-203846910+u-5fiirykny8smz1nizafv+v-dougkileomxw2kubktcc.jpg?_hv=2;;;;;;;;;;;;
"6006724,ESPADRILLE,Femme,CHAUSSURE,UNDER ARMOUR,PRINTEMPS 2026,,,,,0,0,Oui,5,""https://underarmour.scene7.com/is/image/Underarmour/6006724-464_DEFAULT?rp=standard-30pad|grid&qlt=85&bgc=f0f0f0&wid=400&hei=500&size=360,460&op_usm=1.75,0.3,2,0 "; https://underarmour.scene7.com/is/image/Underarmour/6006724-024_DEFAULT?qlt=85&bgc=F0F0F0&wid=150&hei=150&size=130%2C130&resmode=sharp2 ; https://cdn11.bigcommerce.com/s-efjknio/images/stencil/500x659/products/5214/20711/UA_6006724_410_1__40738.1770925567.jpg?c=2 ; https://underarmour.scene7.com/is/image/Underarmour/6006724-001_DEFAULT?rp=standard-30pad|grid&qlt=85&bgc=f0f0f0&wid=400&hei=500&size=360,460&op_usm=1.75,0.3,2,0 ;" https://cdn11.bigcommerce.com/s-efjknio/images/stencil/500x659/products/5209/20689/UA_W_6006724_023_1__78842.1770739191.jpg?c=2""";;;;;;;;;;;;
6006028,POLY,Fille,LEGGING,UNDER ARMOUR,AUTOMNE 25,,,,,0,0,Oui,5,https://cdn.blazimg.com/1800/product/u/n/under-armour_6006028-003_black_1.webp ; https://productimages.footy.com/684b35977120e80cb835fd31/0/3840.webp?q=75 ; https://m.media-amazon.com/images/I/41tL5Bci6xL._AC_UY1000_.jpg ; https://storage.googleapis.com/tradeinn-images/web/products_image/14226/original/142266423_2.jpg ; https://i1.t4s.cz/products/6006028-659/under-armour-ua-motion-branded-legging-1009450-6006028-6591.png;;;;;;;;;;;;
6005902,COL ROND COTON,Garçon,CHANDAIL M.C.,UNDER ARMOUR,PRINTEMPS 2026,,,,,0,0,Oui,5,https://products.blains.com/600/158/1585898.webp ; https://shopcrazyhouse.com/cdn/shop/files/boy-s-under-armour-gray-short-sleeve-freedom-flag-t-shirt-6005902-035-1.png?v=1781639079&width=1920 ; https://shopcrazyhouse.com/cdn/shop/files/boy-s-under-armour-gray-short-sleeve-freedom-flag-t-shirt-6005902-035-2.png?v=1781639080 ; https://underarmour.scene7.com/is/image/Underarmour/PS6005902-390_HB?rp=standard-0pad%7Cpdp&qlt=85&bgc=f0f0f0&wid=800&hei=1000&op_usm=1.75%2C0.3%2C2%2C0 ; https://underarmour.scene7.com/is/image/Underarmour/PS6005902-390_HF?rp=standard-0pad%7Cpdp&qlt=85&bgc=f0f0f0&wid=800&hei=1000&op_usm=1.75%2C0.3%2C2%2C0;;;;;;;;;;;;
6005838,SOUTIEN-GEORGE,Femme,ACCESSOIRE,UNDER ARMOUR,AUTOMNE 25,,,,,0,0,Oui,5,https://www.cosmossport.gr/3143999-product_large/under-armour-crossback-mid-open-back.jpg ; https://m.media-amazon.com/images/I/51Ezjj2ObWS._AC_UY1000_.jpg ; https://www.cosmossport.gr/3144000-product_large/under-armour-crossback-mid-open-back.jpg ; https://m.media-amazon.com/images/I/51SqvXHc1wS.jpg ; https://i8.amplience.net/i/jpl/jd_781631_a?qlt=92;;;;;;;;;;;;
6005798,ESPADRILLE,Femme,CHAUSSURE,UNDER ARMOUR,PRINTEMPS 2026,,,,,0,0,Oui,5,https://underarmour.scene7.com/is/image/Underarmour/6005798-002_DEFAULT?rp=standard-20pad%7CcartFullDesktop&qlt=85&bgc=f0f0f0&wid=400&hei=500&size=380%2C480&op_usm=1.75%2C0.3%2C2%2C0 ; https://underarmour.scene7.com/is/image/Underarmour/6005798-101_DEFAULT?rp=standard-20pad%7CcartFullDesktop&qlt=85&bgc=f0f0f0&wid=400&hei=500&size=380%2C480&op_usm=1.75%2C0.3%2C2%2C0 ; https://underarmour.scene7.com/is/image/Underarmour/6005798-002_TOE?rp=standard-30pad%7Cpdp&qlt=85&bgc=f0f0f0&wid=800&hei=1000&size=770%2C970&op_usm=1.75%2C0.3%2C2%2C0 ; https://underarmour.scene7.com/is/image/Underarmour/6005798-520_DEFAULT?rp=standard-20pad%7CcartFullDesktop&qlt=85&bgc=f0f0f0&wid=400&hei=500&size=380%2C480&op_usm=1.75%2C0.3%2C2%2C0 ; https://underarmour.scene7.com/is/image/Underarmour/6005798-002_PAIR?rp=standard-30pad%7Cpdp&qlt=85&bgc=f0f0f0&wid=800&hei=1000&size=770%2C970&op_usm=1.75%2C0.3%2C2%2C0;;;;;;;;;;;;
6000519,SAC,Unisexe,ACCESSOIRE,UNDER ARMOUR,AUTOMNE 25,,,,,0,0,Oui,5,https://underarmour.scene7.com/is/image/Underarmour/6000519-400_SLF_SL?rp=standard-0pad%7Cpdp&qlt=85&bgc=f0f0f0&wid=800&hei=1000&op_usm=1.75%2C0.3%2C2%2C0 ; https://underarmour.scene7.com/is/image/Underarmour/6000519-001_SLF_SL?rp=standard-0pad%7CcartFullDesktop&qlt=85&bgc=f0f0f0&wid=400&hei=500&op_usm=1.75%2C0.3%2C2%2C0 ; https://underarmour.scene7.com/is/image/Underarmour/V5-6000519-400_FC?rp=standard-0pad%7Cpdp&qlt=85&bgc=f0f0f0&wid=800&hei=1000&op_usm=1.75%2C0.3%2C2%2C0 ; https://underarmour.scene7.com/is/image/Underarmour/6000519-400_SLB_SL?rp=standard-0pad%7Cpdp&qlt=85&bgc=f0f0f0&wid=800&hei=1000&op_usm=1.75%2C0.3%2C2%2C0 ; https://underarmour.scene7.com/is/image/Underarmour/6000519-025_SLF_SL?rp=standard-0pad%7CcartFullDesktop&qlt=85&bgc=f0f0f0&wid=400&hei=500&op_usm=1.75%2C0.3%2C2%2C0;;;;;;;;;;;;
6000264,COL ROND COTON,Femme,CHANDAIL M.C.,UNDER ARMOUR,PRINTEMPS 25,,,,,0,0,Oui,5,https://underarmour.scene7.com/is/image/Underarmour/PS1379475-001_HF?rp=standard-0pad%7Cpdp&qlt=85&bgc=f0f0f0&wid=800&hei=1000&op_usm=1.75%2C0.3%2C2%2C0 ; https://m.media-amazon.com/images/I/81zSXtqzKbL._AC_UY1000_.jpg ; https://secure-cdn.logosoftwear.com/images_products2/53355/53355.thumb.jpg ; https://static.platform.michaels.com/2c-prd/en_US/15605956068560.jpg ; https://media.finishline.com/i/finishline/6017364_299_M1?bg=rgb%28237%2C237%2C237%29&fmt=auto&w=1600&h=1600;;;;;;;;;;;;
6005742,JOGGERS,Fille,PANTALON,UNDER ARMOUR,AUTOMNE 25,,,,,0,0,Oui,5,https://underarmour.scene7.com/is/image/Underarmour/PS6005742-659_HF?rp=standard-0pad%7Cpdp&qlt=85&bgc=f0f0f0&wid=800&hei=1000&op_usm=1.75%2C0.3%2C2%2C0 ; https://underarmour.scene7.com/is/image/Underarmour/PS6005742-003_HF?rp=standard-0pad%7CcartFullDesktop&qlt=85&bgc=f0f0f0&wid=400&hei=500&op_usm=1.75%2C0.3%2C2%2C0 ; https://underarmour.scene7.com/is/image/Underarmour/FW25_Q4_Youth_G_GHL_Disruptor?rp=standard-0pad%7Cpdp&qlt=85&bgc=f0f0f0&wid=800&hei=1000&op_usm=1.75%2C0.3%2C2%2C0 ; https://underarmour.scene7.com/is/image/Underarmour/PS1379525-323_HF?rp=standard-0pad%7Cpdp&qlt=85&bgc=f0f0f0&wid=800&hei=1000&op_usm=1.75%2C0.3%2C2%2C0 ; https://underarmour.scene7.com/is/image/Underarmour/PS1379525-323_HB?rp=standard-0pad%7CcartFullDesktop&qlt=85&bgc=f0f0f0&wid=400&hei=500&op_usm=1.75%2C0.3%2C2%2C0;;;;;;;;;;;;
6005523,DEMI ZIP POLY,Homme,CHANDAIL M.L.,UNDER ARMOUR,AUTOMNE 25,,,,,0,0,Oui,5,https://underarmour.scene7.com/is/image/Underarmour/V5-6005523-001_FC?rp=standard-0pad%7CcartFullDesktop&qlt=85&bgc=f0f0f0&wid=400&hei=500&op_usm=1.75%2C0.3%2C2%2C0 ; https://mansours.com/cdn/shop/files/404ab470081c809aeea1284be49ce0716b8c077f9da310ed32749ab8951bffda_1836x.jpg?v=1751904113 ; https://underarmour.scene7.com/is/image/Underarmour/V5-6005523-110_BC?rp=standard-0pad%7Cpdp&qlt=85&bgc=f0f0f0&wid=800&hei=1000&op_usm=1.75%2C0.3%2C2%2C0 ; https://underarmour.scene7.com/is/image/Underarmour/V5-6005523-025_FC?rp=standard-0pad%7CcartFullDesktop&qlt=85&bgc=f0f0f0&wid=400&hei=500&op_usm=1.75%2C0.3%2C2%2C0 ; https://mansours.com/cdn/shop/files/c94278fcbb7346b7ca1a961b301ea6c3603126be1a488bb6386dddc7cd09d361_590x.jpg?v=1751904113;;;;;;;;;;;;
6005138,COL ROND COTON,Fille,CHANDAIL M.C.,UNDER ARMOUR,PRINTEMPS 2026,,,,,0,0,Oui,5,https://underarmour.scene7.com/is/image/Underarmour/PS6005138-312_HF?rp=standard-0pad%7CcartFullDesktop&qlt=85&bgc=f0f0f0&wid=400&hei=500&op_usm=1.75%2C0.3%2C2%2C0 ; https://underarmour.scene7.com/is/image/Underarmour/PS6005138-005_HF?rp=standard-0pad%7CcartFullDesktop&qlt=85&bgc=f0f0f0&wid=400&hei=500&op_usm=1.75%2C0.3%2C2%2C0 ; https://underarmour.scene7.com/is/image/Underarmour/PS6005138-312_HB?rp=standard-0pad%7Cpdp&qlt=85&bgc=f0f0f0&wid=800&hei=1000&op_usm=1.75%2C0.3%2C2%2C0 ; https://underarmour.scene7.com/is/image/Underarmour/PS6005138-637_HF?rp=standard-0pad%7Cpdp&qlt=85&bgc=f0f0f0&wid=800&hei=1000&op_usm=1.75%2C0.3%2C2%2C0 ; https://underarmour.scene7.com/is/image/Underarmour/G_Tops_Fitted_Wht_2400x3000?qlt=85&wid=400&hei=400;;;;;;;;;;;;
6005133,COL ROND POLY,Garçon,CHANDAIL M.C.,UNDER ARMOUR,AUTOMNE 25,,,,,0,0,Oui,5,https://underarmour.scene7.com/is/image/Underarmour/PS6015633-465_F?rp=standard-0pad%7CcartFullDesktop&qlt=85&bgc=f0f0f0&wid=400&hei=500&op_usm=1.75%2C0.3%2C2%2C0 ; https://i0.wp.com/www.baltimoresun.com/wp-content/uploads/2024/10/TBS-H-CITY-POLY-APPAREL.jpg?fit=620%2C9999px&ssl=1 ; https://www.baltimoresun.com/wp-content/uploads/2024/10/TBS-H-CITY-POLY-APPAREL-P2.jpg?w=1000&h=1000 ; https://assets.footlocker.com/is/image/FLDM/66072001_01?$tile500jpg$=true&fmt=png-alpha ; http://www.merchology.com/cdn/shop/files/1383255-025-S_grande.jpg?v=1735925050;;;;;;;;;;;;
"6005117,POLY,Homme,SHORT,UNDER ARMOUR,PRINTEMPS 2026,,,,,0,0,Oui,5,""https://underarmour.scene7.com/is/image/Underarmour/V5-6005117-425_FC?rp=standard-0pad%7Cpdp&qlt=85&bgc=f0f0f0&wid=800&hei=1000&op_usm=1.75%2C0.3%2C2%2C0 "; https://underarmour.scene7.com/is/image/Underarmour/V5-6005117-425_FSF?rp=standard-0pad%7Cpdp&qlt=85&bgc=f0f0f0&wid=800&hei=1000&op_usm=1.75%2C0.3%2C2%2C0 ; https://underarmour.scene7.com/is/image/Underarmour/V5-6005117-425_BC?rp=standard-0pad%7Cpdp&qlt=85&bgc=f0f0f0&wid=800&hei=1000&op_usm=1.75%2C0.3%2C2%2C0 ; https://i1.t4s.cz/products/6005117-001/under-armour-ua-tech-utility-shorts-989379-6005117-001.png ;" https://underarmour.scene7.com/is/image/Underarmour/V5-6005117-002_BC?rp=standard-0pad|pdpfull&qlt=85&bgc=f0f0f0&wid=1200&hei=1500&op_usm=1.75,0.3,2,0""";;;;;;;;;;;;
"6005104,TUQUE,Femme,ACCESSOIRE,UNDER ARMOUR,AUTOMNE 25,,,,,0,0,Oui,5,""https://underarmour.scene7.com/is/image/Underarmour/V5-6005104-001_FC?rp=standard-0pad%7Cpdp&qlt=85&bgc=f0f0f0&wid=800&hei=1000&op_usm=1.75%2C0.3%2C2%2C0 "; https://underarmour.scene7.com/is/image/Underarmour/6005104-001_SLF_SL?rp=standard-0pad%7Cpdp&qlt=85&bgc=f0f0f0&wid=800&hei=1000&op_usm=1.75%2C0.3%2C2%2C0 ; https://m.media-amazon.com/images/I/818pHwjB3aL._AC_UY1000_.jpg ; https://underarmour.scene7.com/is/image/Underarmour/1373155-430_SLF_SL?rp=standard-0pad|grid&qlt=85&bgc=f0f0f0&wid=400&hei=500&op_usm=1.75,0.3,2,0 ;" https://www.bsnsports.com/_next/image/?url=https%3A%2F%2Fassets.bsnsports.com%2Fproducts%2FImages%2F6005504_410_x.jpg&w=3840&q=75""";;;;;;;;;;;;
6005069,COL ROND COTON,Garçon,CHANDAIL M.C.,UNDER ARMOUR,AUTOMNE 25,,,,,0,0,Oui,5,http://www.merchology.com/cdn/shop/products/1376904-475-F_grande.jpg?v=1696955149 ; https://underarmour.scene7.com/is/image/Underarmour/V5-6009261-338_FC?rp=standard-0pad%7Cpdp&qlt=85&bgc=f0f0f0&wid=800&hei=1000&op_usm=1.75%2C0.3%2C2%2C0 ; https://underarmour.scene7.com/is/image/Underarmour/V5-6009261-011_FC?rp=standard-0pad%7CcartFullDesktop&qlt=85&bgc=f0f0f0&wid=400&hei=500&op_usm=1.75%2C0.3%2C2%2C0 ; https://larchechicago.org/wp-content/uploads/2024/09/under-armour-mens-polo-shirt-navy-front-66d750481da91.jpg ; http://www.merchology.com/cdn/shop/products/1376904-475-B_grande.jpg?v=1696955149;;;;;;;;;;;;
6005021,COL ROND POLY,Garçon,CHANDAIL M.L.,UNDER ARMOUR,AUTOMNE 25,,,,,0,0,Oui,5,https://m.media-amazon.com/images/I/410aqVHbSeL._AC_UY1000_.jpg ; https://www.dtlr.com/cdn/shop/files/Under_20Armour_6007269_M-069.jpg?v=1728772130 ; https://underarmour.scene7.com/is/image/Underarmour/PS1366373-100_HF?rp=standard-0pad%7Cpdp&qlt=85&bgc=f0f0f0&wid=800&hei=1000&op_usm=1.75%2C0.3%2C2%2C0 ; https://www.dtlr.com/cdn/shop/files/Under_20Armour_6008918_M-108.jpg?v=1728772132 ; https://www.dtlr.com/cdn/shop/files/Under_20Armour_6007269_M-068.jpg?v=1728772128;;;;;;;;;;;;
6000397,SAC,Unisexe,ACCESSOIRE,UNDER ARMOUR,AUTOMNE 25,,,,,0,0,Oui,5,https://underarmour.scene7.com/is/image/Underarmour/6000397-001_SLF_SL?rp=standard-0pad%7CcartFullDesktop&qlt=85&bgc=f0f0f0&wid=400&hei=500&op_usm=1.75%2C0.3%2C2%2C0 ; https://underarmour.scene7.com/is/image/Underarmour/6000397-301_SLF_SL?rp=standard-0pad%7CcartFullDesktop&qlt=85&bgc=f0f0f0&wid=400&hei=500&op_usm=1.75%2C0.3%2C2%2C0 ; https://cooljsmiami.com/cdn/shop/files/Under_Armour_Hustle_Sport_6.0_Backpack_-_Black-Metallic_Black.jpg?v=1754066302&width=1445 ; https://underarmour.scene7.com/is/image/Underarmour/6000397-429_SLF_SL?rp=standard-0pad%7CcartFullDesktop&qlt=85&bgc=f0f0f0&wid=400&hei=500&op_usm=1.75%2C0.3%2C2%2C0 ; https://underarmour.scene7.com/is/image/Underarmour/6000397-707_SLF_SL?rp=standard-0pad%7CcartFullDesktop&qlt=85&bgc=f0f0f0&wid=400&hei=500&op_usm=1.75%2C0.3%2C2%2C0;;;;;;;;;;;;
6005010,COL ROND COTON,Garçon,CHANDAIL M.C.,UNDER ARMOUR,AUTOMNE 25,,,,,0,0,Oui,5,https://underarmour.scene7.com/is/image/Underarmour/PS6005010-001_HF?rp=standard-0pad%7CcartFullDesktop&qlt=85&bgc=f0f0f0&wid=400&hei=500&op_usm=1.75%2C0.3%2C2%2C0 ; https://dks.scene7.com/is/image/GolfGalaxy/6013946-709_ClayGreenTitaniumAnthract_MODDET_78chyezw?qlt=70&wid=780&hei=780&fmt=pjpeg&op_sharpen=1&fit=constrain ; https://cdn.kids-world.com/images/products/GX350/417px/GX350.jpg?v=1721047599 ; https://assets.footlocker.com/is/image/FLDM/66072001_01?$tile500jpg$=true&fmt=png-alpha ; https://www.carlsgolfland.com/media/catalog/product/cache/d69ef9f06ed26ee571b3d9d7a80a892a/u/n/under_armour_junior_boys_ua_performance_floral_speckle_golf_polo_1377348_369_hero.jpg;;;;;;;;;;;;
6004997,JOGGERS,Garçon,PANTALON,UNDER ARMOUR,PRINTEMPS 2026,,,,,0,0,Oui,5,https://products.blains.com/600/158/1585948.webp ; https://products.blains.com/600/158/1585948-2.jpg ; https://img.sport2000.fr/t5-roR6G238Mxbm-qAj67z9iMTk2YYxO2GAbhrMmsYY/resize:fit:0:0/aHR0cDovL3BsYWlu/ZS1kYXRhLm1lemNh/bGl0by5uZXQvNjAw/NDk5Ny0wMDEtc3Bv/cnQyMDAwL3dlYi02/MDA0OTk3LTAwMS1w/LmpwZw.webp ; https://clement.ca/cdn/shop/files/ARM-6004997_CHA_C.jpg?v=1754407753&width=860 ; https://cdn.idealo.com/folder/Product/207144/0/207144096/s4_produktbild_max/under-armour-brawler-tapered-pant-gris-025.jpg;;;;;;;;;;;;
6004995,JOGGERS,Garçon,PANTALON,UNDER ARMOUR,AUTOMNE 25,,,,,0,0,Oui,5,https://underarmour.scene7.com/is/image/Underarmour/PS6004995-390_HF?rp=standard-0pad%7Cpdp&qlt=85&bgc=f0f0f0&wid=800&hei=1000&op_usm=1.75%2C0.3%2C2%2C0 ; https://underarmour.scene7.com/is/image/Underarmour/PS6004995-390_HB?rp=standard-0pad%7Cpdp&qlt=85&bgc=f0f0f0&wid=800&hei=1000&op_usm=1.75%2C0.3%2C2%2C0 ; https://underarmour.scene7.com/is/image/Underarmour/PS1382196-411_HF?rp=standard-0pad%7Cpdp&qlt=85&bgc=f0f0f0&wid=800&hei=1000&op_usm=1.75%2C0.3%2C2%2C0 ; https://underarmour.scene7.com/is/image/Underarmour/PS6004999-002_HF?rp=standard-0pad%7CcartFullDesktop&qlt=85&bgc=f0f0f0&wid=400&hei=500&op_usm=1.75%2C0.3%2C2%2C0 ; https://underarmour.scene7.com/is/image/Underarmour/PS6003747-410_HF?rp=standard-0pad%7Cpdp&qlt=85&bgc=f0f0f0&wid=800&hei=1000&op_usm=1.75%2C0.3%2C2%2C0;;;;;;;;;;;;
6004994,COTON,Garçon,HOODIE,UNDER ARMOUR,AUTOMNE 25,,,,,0,0,Oui,5,https://underarmour.scene7.com/is/image/Underarmour/PS6004994-001_HF?rp=standard-0pad%7CcartFullDesktop&qlt=85&bgc=f0f0f0&wid=400&hei=500&op_usm=1.75%2C0.3%2C2%2C0 ; https://underarmour.scene7.com/is/image/Underarmour/PS6004994-390_HF?qlt=85&bgc=F0F0F0&wid=150&hei=150&resmode=sharp2 ; https://underarmour.scene7.com/is/image/Underarmour/PS6004994-390_HB?rp=standard-0pad%7Cpdp&qlt=85&bgc=f0f0f0&wid=800&hei=1000&op_usm=1.75%2C0.3%2C2%2C0 ; https://n.nordstrommedia.com/it/20207259-fa13-47c5-a656-8c8e0d03cbfb.jpeg ; https://n.nordstrommedia.com/it/11e6d412-0be8-4c3d-8918-6a101a828b20.jpeg;;;;;;;;;;;;
6004965,COL ROND COTON,Homme,CHANDAIL M.C.,UNDER ARMOUR,PRINTEMPS 2026,,,,,0,0,Oui,5,https://underarmour.scene7.com/is/image/Underarmour/V5-6004965-603_FC?rp=standard-0pad%7CpdpMainDesktop&scl=1&fmt=jpg&qlt=85&resMode=sharp2&cache=on%2Con&bgc=F0F0F0&wid=566&hei=708&size=566%2C708 ; https://underarmour.scene7.com/is/image/Underarmour/V5-6004965-870_FC?rp=standard-0pad%7CcartFullDesktop&qlt=85&bgc=f0f0f0&wid=400&hei=500&op_usm=1.75%2C0.3%2C2%2C0 ; https://underarmour.scene7.com/is/image/Underarmour/V5-6004965-603_BC?rp=standard-0pad%7CpdpMainDesktop&scl=1&fmt=jpg&qlt=85&resMode=sharp2&cache=on%2Con&bgc=F0F0F0&wid=566&hei=708&size=566%2C708 ; https://underarmour.scene7.com/is/image/Underarmour/V5-6004965-603_FABR?rp=standard-0pad%7CpdpMainDesktop&scl=1&fmt=jpg&qlt=85&resMode=sharp2&cache=on%2Con&bgc=F0F0F0&wid=566&hei=708&size=566%2C708 ; https://underarmour.scene7.com/is/image/Underarmour/V5-6004965-603_FC?qlt=85&bgc=F0F0F0&wid=150&hei=150&resmode=sharp2;;;;;;;;;;;;
6004963,DEMI ZIP POLY,Homme,CHANDAIL M.L.,UNDER ARMOUR,AUTOMNE 25,,,,,0,0,Oui,5,https://underarmour.scene7.com/is/image/Underarmour/V5-6004963-002_FC?rp=standard-0pad%7CcartFullDesktop&qlt=85&bgc=f0f0f0&wid=400&hei=500&op_usm=1.75%2C0.3%2C2%2C0 ; https://underarmour.scene7.com/is/image/Underarmour/V5-6004963-323_FC?rp=standard-0pad%7Cpdp&qlt=85&bgc=f0f0f0&wid=800&hei=1000&op_usm=1.75%2C0.3%2C2%2C0 ; https://underarmour.scene7.com/is/image/Underarmour/V5-6004963-323_THUMB?rp=standard-0pad%7Cpdp&qlt=85&bgc=f0f0f0&wid=800&hei=1000&op_usm=1.75%2C0.3%2C2%2C0 ; https://underarmour.scene7.com/is/image/Underarmour/V5-6004963-408_FC?qlt=85&bgc=F0F0F0&wid=150&hei=150&resmode=sharp2 ; https://underarmour.scene7.com/is/image/Underarmour/V5-6004963-323_BC?rp=standard-0pad%7Cpdp&qlt=85&bgc=f0f0f0&wid=800&hei=1000&op_usm=1.75%2C0.3%2C2%2C0;;;;;;;;;;;;
6004159,DEMI ZIP POLY,Femme,CHANDAIL M.L.,UNDER ARMOUR,AUTOMNE 25,,,,,0,0,Oui,5,https://midwaysports.com/cdn/shop/files/UAWomen_sMotionLounge_Zip_2.png?v=1762199395 ; https://underarmour.scene7.com/is/image/Underarmour/PS1379349-100_HF?rp=standard-0pad%7Cpdp&qlt=85&bgc=f0f0f0&wid=800&hei=1000&op_usm=1.75%2C0.3%2C2%2C0 ; https://belk.scene7.com/is/image/Belk?layer=0&src=1803819_6004159_A_600&%24=&wid=828&fit=wrap ; https://belk.scene7.com/is/image/Belk?layer=0&src=1803819_6004159_A_025& ; https://threadlogic.com/cdn/shop/files/Under-Armour-Ladies-Team-Tech-Half-Zip-BlackWhite-XS-1.jpg?v=1712000571&width=1200;;;;;;;;;;;;
6003985,POLY,Femme,CAMISOLE,UNDER ARMOUR,AUTOMNE 25,,,,,0,0,Oui,5,https://underarmour.scene7.com/is/image/Underarmour/V5-6003985-403_FC?rp=standard-0pad%7Cpdp&qlt=85&bgc=f0f0f0&wid=800&hei=1000&op_usm=1.75%2C0.3%2C2%2C0 ; https://underarmour.scene7.com/is/image/Underarmour/V5-6003985-001_FC?rp=standard-0pad%7Cpdp&qlt=85&bgc=f0f0f0&wid=800&hei=1000&op_usm=1.75%2C0.3%2C2%2C0 ; https://underarmour.scene7.com/is/image/Underarmour/V5-6003985-403_COLLAR?rp=standard-0pad%7Cpdp&qlt=85&bgc=f0f0f0&wid=800&hei=1000&op_usm=1.75%2C0.3%2C2%2C0 ; https://underarmour.scene7.com/is/image/Underarmour/V5-6003985-403_BC?rp=standard-0pad%7Cpdp&qlt=85&bgc=f0f0f0&wid=800&hei=1000&op_usm=1.75%2C0.3%2C2%2C0 ; https://underarmour.scene7.com/is/image/Underarmour/V5-6003985-001_BC?rp=standard-0pad%7Cpdp&qlt=85&bgc=f0f0f0&wid=800&hei=1000&op_usm=1.75%2C0.3%2C2%2C0;;;;;;;;;;;;
6003958,COTON,Homme,HOODIE,UNDER ARMOUR,AUTOMNE 25,,,,,0,0,Oui,5,https://underarmour.scene7.com/is/image/Underarmour/V5-6003958-001_FC?rp=standard-0pad%7CcartFullDesktop&qlt=85&bgc=f0f0f0&wid=400&hei=500&op_usm=1.75%2C0.3%2C2%2C0 ; https://underarmour.scene7.com/is/image/Underarmour/V5-6003958-001_BC?rp=standard-0pad%7Cpdp&qlt=85&bgc=f0f0f0&wid=800&hei=1000&op_usm=1.75%2C0.3%2C2%2C0 ; https://underarmour.scene7.com/is/image/Underarmour/PS6003958-001_HF?rp=standard-0pad%7Cpdp&qlt=85&bgc=f0f0f0&wid=800&hei=1000&op_usm=1.75%2C0.3%2C2%2C0 ; https://contents.mediadecathlon.com/m26319035/k$f1d8e854c7e7396b152d20ab62dfaa82/picture.jpg ; https://contents.mediadecathlon.com/m26318909/k$8f87f9bc7883f611c685325de1ef43f4/picture.jpg;;;;;;;;;;;;
6003811,COTON,Garçon,HOODIE,UNDER ARMOUR,PRINTEMPS 2026,,,,,0,0,Oui,5,https://underarmour.scene7.com/is/image/Underarmour/PS6003811-713_HB?rp=standard-0pad%7Cpdp&qlt=85&bgc=f0f0f0&wid=800&hei=1000&op_usm=1.75%2C0.3%2C2%2C0 ; https://underarmour.scene7.com/is/image/Underarmour/PS6003811-001_HF?rp=standard-0pad%7CcartFullDesktop&qlt=85&bgc=f0f0f0&wid=400&hei=500&op_usm=1.75%2C0.3%2C2%2C0 ; https://underarmour.scene7.com/is/image/Underarmour/PS6003811-713_HF?rp=standard-0pad%7CcartFullDesktop&qlt=85&bgc=f0f0f0&wid=400&hei=500&op_usm=1.75%2C0.3%2C2%2C0 ; https://photos-us.bazaarvoice.com/photo/2/cGhvdG86dW5kZXJhcm1vdXI/2cc87129-b7f8-56bb-983f-e86004241f02 ; https://www.dunhamssports.com/media/3c/29/8a/1753169510/0335396573809-310_under_armour_armour_fleece_embossed_hoodie_01.jpg?ts=1753169510;;;;;;;;;;;;
6003809,COL MOCK POLY,Garçon,CHANDAIL M.L.,UNDER ARMOUR,AUTOMNE 25,,,,,0,0,Oui,5,https://underarmour.scene7.com/is/image/Underarmour/PS6003809-844_HF?rp=standard-0pad%7CcartFullDesktop&qlt=85&bgc=f0f0f0&wid=400&hei=500&op_usm=1.75%2C0.3%2C2%2C0 ; https://underarmour.scene7.com/is/image/Underarmour/PS6003809-600_HF?rp=standard-0pad%7CcartFullDesktop&qlt=85&bgc=f0f0f0&wid=400&hei=500&op_usm=1.75%2C0.3%2C2%2C0 ; https://m.media-amazon.com/images/I/31pvhM06rZL.jpg ; https://m.media-amazon.com/images/I/410aqVHbSeL._AC_UY1000_.jpg ; https://underarmour.scene7.com/is/image/Underarmour/PS6003809-600_HB?rp=standard-0pad%7CcartFullDesktop&qlt=85&bgc=f0f0f0&wid=400&hei=500&op_usm=1.75%2C0.3%2C2%2C0;;;;;;;;;;;;
6003745,COL ROND POLY,Femme,CHANDAIL M.L.,UNDER ARMOUR,AUTOMNE 25,,,,,0,0,Oui,5,https://underarmour.scene7.com/is/image/Underarmour/V5-6003745-323_FC?rp=standard-0pad%7Cpdp&qlt=85&bgc=f0f0f0&wid=800&hei=1000&op_usm=1.75%2C0.3%2C2%2C0 ; https://www.big5sportinggoods.com/catalogimage/img/product/rwd/zoom/4371_10465_8701_015_zoom_02.jpg ; https://underarmour.scene7.com/is/image/Underarmour/V5-6003745-323_BC?rp=standard-0pad%7Cpdp&qlt=85&bgc=f0f0f0&wid=800&hei=1000&op_usm=1.75%2C0.3%2C2%2C0 ; https://underarmour.scene7.com/is/image/Underarmour/W_Tops_Tight_Wht_2400x3000?qlt=85&wid=400&hei=400 ; https://underarmour.scene7.com/is/image/Underarmour/V5-6000645-673_FC?rp=standard-0pad%7Cpdp&qlt=85&bgc=f0f0f0&wid=800&hei=1000&op_usm=1.75%2C0.3%2C2%2C0;;;;;;;;;;;;
6003710,COTON,Femme,HOODIE,UNDER ARMOUR,AUTOMNE 25,,,,,0,0,Oui,5,https://cdn.shopify.com/s/files/1/0267/2315/6143/files/s7.V5-6003710-007_FC_1000x1000.png.webp?v=1770844721 ; https://www.handballhouse.gr/14813-large_default/under-armour-women-s-rival-fleece-shimmer-hoodie-black-6003710-007.jpg ; https://c.scdn.gr/images/sku_main_images/062743/62743705/fixedratio_20250916164103_under_armour_rival_gynaikeio_fouter_me_koukoula_mpornto_fouxia_6003710_659.jpeg ; https://img.sport2000.fr/bnQJ4WMTz2eMM86jz5aL6bNRagqec8PFkw4olBz1zQw/resize:fit:550:550/aHR0cDovL3BsYWlu/ZS1kYXRhLm1lemNh/bGl0by5uZXQvNjAw/MzcxMC0wMTEtc3Bv/cnQyMDAwL3dlYi02/MDAzNzEwLTAxMS1w/LmpwZw.webp ; https://c.scdn.gr/images/sku_main_images/062743/62743707/fixedratio_20250916163647_under_armour_rival_gynaikeio_fouter_me_koukoula_gri_6003710_011.jpeg;;;;;;;;;;;;
6001943,POLY,Fille,SHORT,UNDER ARMOUR,PRINTEMPS 2026,,,,,0,0,Oui,5,https://i.ebayimg.com/images/g/FUcAAOSwUi1oLxiw/s-l500.jpg ; https://underarmour.scene7.com/is/image/Underarmour/PS1383257-001_HF?rp=standard-0pad%7CcartFullDesktop&qlt=85&bgc=f0f0f0&wid=400&hei=500&op_usm=1.75%2C0.3%2C2%2C0 ; https://underarmour.scene7.com/is/image/Underarmour/PS1383257-647_HF?rp=standard-0pad%7CcartFullDesktop&qlt=85&bgc=f0f0f0&wid=400&hei=500&op_usm=1.75%2C0.3%2C2%2C0 ; https://m.media-amazon.com/images/I/51wFX6OudIL._AC_UY1000_.jpg ; https://academy.scene7.com/is/image/academy/20438067;;;;;;;;;;;;
6000760,ESPADRILLE,Femme,CHAUSSURE,UNDER ARMOUR,AUTOMNE 25,,,,,0,0,Oui,5,https://underarmour.scene7.com/is/image/Underarmour/6000760-034_DEFAULT?rp=standard-20pad%7CcartFullDesktop&qlt=85&bgc=f0f0f0&wid=400&hei=500&size=380%2C480&op_usm=1.75%2C0.3%2C2%2C0 ; https://underarmour.scene7.com/is/image/Underarmour/auto_dim7_6000760-001?scl=1 ; https://underarmour.scene7.com/is/image/Underarmour/6000760-600_DEFAULT?qlt=85&bgc=F0F0F0&wid=150&hei=150&size=130%2C130&resmode=sharp2 ; https://underarmour.scene7.com/is/image/Underarmour/6000760-002_DEFAULT?rp=standard-20pad%7CcartFullDesktop&qlt=85&bgc=f0f0f0&wid=400&hei=500&size=380%2C480&op_usm=1.75%2C0.3%2C2%2C0 ; https://underarmour.scene7.com/is/image/Underarmour/6000760-600_DETAIL4?rp=standard-30pad%7Cpdp&qlt=85&bgc=f0f0f0&wid=800&hei=1000&size=770%2C970&op_usm=1.75%2C0.3%2C2%2C0;;;;;;;;;;;;
6000648,POLY,Femme,SHORT,UNDER ARMOUR,PRINTEMPS 2026,,,,,0,0,Oui,5,https://underarmour.scene7.com/is/image/Underarmour/V5-6000648-637_FC?rp=standard-0pad%7Cpdp&qlt=85&bgc=f0f0f0&wid=800&hei=1000&op_usm=1.75%2C0.3%2C2%2C0 ; https://underarmour.scene7.com/is/image/Underarmour/V5-6000648-003_FC?rp=standard-0pad%7CcartFullDesktop&qlt=85&bgc=f0f0f0&wid=400&hei=500&op_usm=1.75%2C0.3%2C2%2C0 ; https://underarmour.scene7.com/is/image/Underarmour/V5-6000648-637_LOGO?rp=standard-0pad%7Cpdp&qlt=85&bgc=f0f0f0&wid=800&hei=1000&op_usm=1.75%2C0.3%2C2%2C0 ; https://underarmour.scene7.com/is/image/Underarmour/V5-6000648-637_FSF?rp=standard-0pad%7Cpdp&qlt=85&bgc=f0f0f0&wid=800&hei=1000&op_usm=1.75%2C0.3%2C2%2C0 ; https://underarmour.com.ph/cdn/shop/files/s7.V5-6000648-418_FC_1600x1600.webp?v=1766988244;;;;;;;;;;;;
6000642,COL ROND POLY,Femme,CHANDAIL M.C.,UNDER ARMOUR,PRINTEMPS 2026,,,,,0,0,Oui,5,https://underarmour.scene7.com/is/image/Underarmour/V5-6000642-637_FC?rp=standard-0pad%7Cpdp&qlt=85&bgc=f0f0f0&wid=800&hei=1000&op_usm=1.75%2C0.3%2C2%2C0 ; http://pegashoes.com/cdn/shop/files/6000642-001_1_ba711dd8-eb2f-49b8-b5ff-e273faf2fa14.jpg?v=1777896182&width=2048 ; https://pegashoes.com/cdn/shop/files/6000642-001_4.jpg?v=1776519813&width=800 ; https://underarmour.scene7.com/is/image/Underarmour/V5-6000642-637_BC?rp=standard-0pad%7Cpdp&qlt=85&bgc=f0f0f0&wid=800&hei=1000&op_usm=1.75%2C0.3%2C2%2C0 ; https://a-static.mlcdn.com.br/%7Bw%7Dx%7Bh%7D/camiseta-under-armour-mc-rival-os-camp-feminina/netshoes/r5m-29ub-306-02/9e984864daf70d6a6bc779cc7abbae1f.jpeg;;;;;;;;;;;;
6000640,POLY,Femme,CAMISOLE,UNDER ARMOUR,PRINTEMPS 2026,,,,,0,0,Oui,5,https://underarmour.scene7.com/is/image/Underarmour/V5-6000640-004_FC?rp=standard-0pad%7Cpdp&qlt=85&bgc=f0f0f0&wid=800&hei=1000&op_usm=1.75%2C0.3%2C2%2C0 ; https://underarmour.scene7.com/is/image/Underarmour/V5-6000640-659_FC?rp=standard-0pad%7CcartFullDesktop&qlt=85&bgc=f0f0f0&wid=400&hei=500&op_usm=1.75%2C0.3%2C2%2C0 ; https://underarmour.scene7.com/is/image/Underarmour/V5-6000640-004_BC?rp=standard-0pad%7Cpdp&qlt=85&bgc=f0f0f0&wid=800&hei=1000&op_usm=1.75%2C0.3%2C2%2C0 ; https://underarmour.scene7.com/is/image/Underarmour/V5-6000640-308_FC?rp=standard-0pad%7CcartFullDesktop&qlt=85&bgc=f0f0f0&wid=400&hei=500&op_usm=1.75%2C0.3%2C2%2C0 ; https://underarmour.scene7.com/is/image/Underarmour/V5-6000640-520_FC?rp=standard-0pad%7CcartFullDesktop&qlt=85&bgc=f0f0f0&wid=400&hei=500&op_usm=1.75%2C0.3%2C2%2C0;;;;;;;;;;;;
6000522,POLY,Homme,MANTEAU,UNDER ARMOUR,AUTOMNE 25,,,,,0,0,Oui,5,https://m.media-amazon.com/images/I/51LvbJl5KGL._AC_UY1000_.jpg ; https://i.ebayimg.com/images/g/XUUAAeSwJL9pvDkb/s-l1200.webp ; https://midwaysports.com/cdn/shop/files/UA_Men_s_Storm_Insulated_Men_s_Bench_Coat_Black_Color_Front_View.webp?v=1776170544 ; https://m.media-amazon.com/images/I/513Ni1xtDIL._AC_UY1000_.jpg ; https://cdn.shopify.com/s/files/1/0312/6537/products/1376887-011-F_640x640.jpg.webp?v=1696953885;;;;;;;;;;;;
"53298101,POLY,Homme,POLO M.C.,PUMA,PRINTEMPS 25,,,,,0,0,Oui,5,""https://i5.walmartimages.com/seo/Puma-Mens-Mattr-Spring-Polo-53298101-Bright-White-Hot-Coral-M_0d6001aa-2408-46b9-9117-31fd23a8e469.bdfc14b7372a2653dee78066036cb65a.jpeg?odnHeight=768&odnWidth=768&odnBg=FFFFFF "; https://i5.walmartimages.com/asr/0a09a973-5783-442e-8e60-a6218e0931bb.1d104b9bcf41729b8ec87d90d2320321.jpeg?odnHeight=768&odnWidth=768&odnBg=FFFFFF ; https://i.ebayimg.com/images/g/5NAAAOSwyVFkWdB9/s-l1200.jpg ; https://images.puma.com/image/upload/f_auto,q_auto,b_rgb:fafafa,w_2000,h_2000/global/688016/01/mod01/fnd/PNA/fmt/png/Essentials-All-In-Men's-Polo-Shirt ;" https://images.puma.com/image/upload/f_auto,q_auto,b_rgb:fafafa,w_600,h_600/global/690441/01/fnd/PNA/fmt/png/PUMA-Essentials-Men's-Polo-Shirt""";;;;;;;;;;;;
6000000,COL ROND COTON,Homme,CHANDAIL M.C.,UNDER ARMOUR,PRINTEMPS 25,,,,,0,0,Oui,5,https://storagemedia.corporategear.com//storagemedia/1/mastercatalog/attributeimages/um0706-91h.jpg ; https://mansours.com/cdn/shop/files/Screenshot2025-08-14at10.52.43AM_1502x.png?v=1755179602 ; https://cdn.media.amplience.net/i/scheelspoc/19863289399 ; https://bluecollarmercantile.com/cdn/shop/files/under-armour-6012783-016-ua-explore-graphic-short-sleeve-t-shirt-black-front-detail.webp?v=1768222813&width=1920 ; https://mansours.com/cdn/shop/files/Screenshot2025-08-14at10.52.52AM_1502x.png?v=1755180072;;;;;;;;;;;;
"59924635,POLY,Homme,BERMUDA,PUMA,PRINTEMPS 25,,,,,0,0,Oui,5,""https://images.puma.com/image/upload/f_auto,q_auto,b_rgb:fafafa,w_2000,h_2000/global/634634/01/mod03/fnd/PNA/fmt/png/LaFranc%C3%A9-Supply-Men's-Terry-Basketball-Shorts "; https://images.puma.com/image/upload/f_auto,q_auto,b_rgb:fafafa,w_600,h_600/global/634634/01/bv/fnd/PNA/fmt/png/LaFranc%C3%A9-Supply-Men's-Terry-Basketball-Shorts ; https://images.puma.com/image/upload/f_auto,q_auto,b_rgb:fafafa,w_2000,h_2000/global/539634/14/fnd/PNA/fmt/png/Logo-Men's-Shorts ; https://www.topsandbottomsusa.com/cdn/shop/files/puma-mens-big-fleece-logo-short-588501_10.webp?v=1729968478&width=1500 ;" https://www.topsandbottomsusa.com/cdn/shop/products/588501-01-03_png_9d438c56-dafa-4357-b4ee-fa55adb63cdb.jpg?v=1721771117&width=1500""";;;;;;;;;;;;
"59924633,POLY,Homme,BERMUDA,PUMA,PRINTEMPS 25,,,,,0,0,Oui,5,""https://images.puma.com/image/upload/f_auto,q_auto,b_rgb:fafafa,w_2000,h_2000/global/629654/01/fnd/PNA/fmt/png/PUMA-Wardrobe-Essentials-Men's-Relaxed-7%22-Shorts "; https://images.puma.com/image/upload/f_auto,q_auto,b_rgb:fafafa,w_2000,h_2000/global/634634/01/bv/fnd/PNA/fmt/png/LaFranc%C3%A9-Supply-Men's-Terry-Basketball-Shorts ; https://images.puma.com/image/upload/f_auto,q_auto,b_rgb:fafafa,w_2000,h_2000/global/629654/01/mod01/fnd/PNA/fmt/png/PUMA-Wardrobe-Essentials-Men's-Relaxed-7%22-Shorts ; https://images.puma.com/image/upload/f_auto,q_auto,b_rgb:fafafa,w_2000,h_2000/global/539634/14/fnd/PNA/fmt/png/Logo-Men's-Shorts ;" https://images.puma.com/image/upload/f_auto,q_auto,b_rgb:fafafa,w_2000,h_2000/global/635934/06/fnd/PNA/fmt/png/T7-Men's-Relaxed-Shorts""";;;;;;;;;;;;
"59924628,POLY,Homme,BERMUDA,PUMA,PRINTEMPS 25,,,,,0,0,Oui,5,""https://images.puma.com/image/upload/f_auto,q_auto,b_rgb:fafafa,w_2000,h_2000/global/682598/01/fnd/PNA/fmt/png/PUMA-Essentials-Men's-10%22-Shorts "; https://nohble.com/cdn/shop/products/1_268ccd2a-f04f-48cf-8aa2-1c8c1051cc50_grande.jpg?v=1677607301 ; https://m.media-amazon.com/images/I/51FHX3LooYL._AC_UY1000_AIweblab1381794,T1_.jpg ; https://m.media-amazon.com/images/I/91TWwIc7F+L._AC_UY1000_.jpg ;" https://images.puma.com/image/upload/f_auto,q_auto,b_rgb:fafafa,w_2000,h_2000/global/527707/01/bv/fnd/PNA/fmt/png/Train-Men's-10""";;;;;;;;;;;;
"59911516,POLY,Homme,POLO M.C.,PUMA,PRINTEMPS 25,,,,,0,0,Oui,5,""https://images.puma.com/image/upload/f_auto,q_auto,b_rgb:fafafa,w_2000,h_2000/global/599115/04/fnd/SEA/fmt/png/MATTR-One-Way-Men's-Golf-Polo-Shirt "; https://images.puma.com/image/upload/f_auto,q_auto,b_rgb:fafafa,w_2000,h_2000/global/690441/01/fnd/PNA/fmt/png/PUMA-Essentials-Men's-Polo-Shirt ; https://images.puma.com/image/upload/f_auto,q_auto,b_rgb:fafafa,w_2000,h_2000/global/688016/01/mod01/fnd/PNA/fmt/png/Essentials-All-In-Men's-Polo-Shirt ; https://images.puma.com/image/upload/f_auto,q_auto,b_rgb:fafafa,w_2000,h_2000/global/690441/01/mod01/fnd/PNA/fmt/png/PUMA-Essentials-Men's-Polo-Shirt ;" https://images.puma.com/image/upload/f_auto,q_auto,b_rgb:fafafa,w_2000,h_2000/global/688885/11/mod01/fnd/PNA/fmt/png/PUMA-Essentials-Men's-Pique-Polo-Shirt""";;;;;;;;;;;;
"53899703,POLY,Homme,POLO M.C.,PUMA,PRINTEMPS 25,,,,,0,0,Oui,5,""https://images.puma.com/image/upload/f_auto,q_auto,b_rgb:fafafa,w_2000,h_2000/global/688885/11/mod01/fnd/PNA/fmt/png/PUMA-Essentials-Men's-Pique-Polo-Shirt "; https://images.puma.com/image/upload/f_auto,q_auto,b_rgb:fafafa,w_2000,h_2000/global/688885/11/fnd/PNA/fmt/png/PUMA-Essentials-Men's-Pique-Polo-Shirt ; https://images.puma.com/image/upload/f_auto,q_auto,b_rgb:fafafa,w_2000,h_2000/global/688016/01/mod01/fnd/PNA/fmt/png/Essentials-All-In-Men's-Polo-Shirt ; https://images.puma.com/image/upload/f_auto,q_auto,b_rgb:fafafa,w_600,h_600/global/690441/01/fnd/PNA/fmt/png/PUMA-Essentials-Men's-Polo-Shirt ;" https://images.puma.com/image/upload/f_auto,q_auto,b_rgb:fafafa,w_2000,h_2000/global/688885/61/mod01/fnd/PNA/fmt/png/PUMA-Essentials-Men's-Pique-Polo-Shirt""";;;;;;;;;;;;
"53899208,POLY,Homme,POLO M.C.,PUMA,PRINTEMPS 25,,,,,0,0,Oui,5,""https://images.puma.com/image/upload/f_auto,q_auto,b_rgb:fafafa,w_2000,h_2000/global/688885/11/fnd/PNA/fmt/png/PUMA-Essentials-Men's-Pique-Polo-Shirt "; https://images.puma.com/image/upload/f_auto,q_auto,b_rgb:fafafa,w_2000,h_2000/global/688885/11/mod01/fnd/PNA/fmt/png/PUMA-Essentials-Men's-Pique-Polo-Shirt ; https://images.puma.com/image/upload/f_auto,q_auto,b_rgb:fafafa,w_2000,h_2000/global/538993/12/fnd/SEA/fmt/png/Cloudspun-Primary-Golf-Polo-Shirt-Men ; https://images.puma.com/image/upload/f_auto,q_auto,b_rgb:fafafa,w_2000,h_2000/global/688016/01/mod01/fnd/PNA/fmt/png/Essentials-All-In-Men's-Polo-Shirt ;" https://images.puma.com/image/upload/f_auto,q_auto,b_rgb:fafafa,w_600,h_600/global/682554/01/fnd/PNA/fmt/png/Essentials-Men's-Pique-Polo""";;;;;;;;;;;;
"53875201,POLY,Homme,POLO M.C.,PUMA,PRINTEMPS 25,,,,,0,0,Oui,5,""https://images.puma.com/image/upload/f_auto,q_auto,b_rgb:fafafa,w_2000,h_2000/global/688885/11/mod01/fnd/PNA/fmt/png/PUMA-Essentials-Men's-Pique-Polo-Shirt "; https://images.puma.com/image/upload/f_auto,q_auto,b_rgb:fafafa,w_600,h_600/global/634750/07/fnd/PNA/fmt/png/PUMA.NOW-Men's-Polo-Shirt ; https://worldwidegolf.vtexassets.com/arquivos/ids/12527950/16c329a1eb8e15d6e15952aecb99568e5956d90c__10518404_color_deepnavy.jpg?v=638791005394670000 ; https://worldwidegolf.vtexassets.com/arquivos/ids/13478035-800-auto?v=639080595957130000&width=800&height=auto&aspect=true ;" http://www.pumagolf.com/cdn/shop/files/630180_01_MOD01.jpg?v=1746065318""";;;;;;;;;;;;
"53870807,POLY,Homme,POLO M.C.,PUMA,PRINTEMPS 25,,,,,0,0,Oui,5,""https://www.svpsports.ca/cdn/shop/files/Puma---Men_s-Mattr-Bridges-Polo-_538708-07_2.jpg?v=1710528992&width=2400 "; https://images.puma.com/image/upload/f_auto,q_auto,b_rgb:fafafa,w_2000,h_2000/global/690441/01/mod01/fnd/PNA/fmt/png/PUMA-Essentials-Men's-Polo-Shirt ; https://images.puma.com/image/upload/f_auto,q_auto,b_rgb:fafafa,w_2000,h_2000/global/688016/01/fnd/PNA/fmt/png/Essentials-All-In-Men's-Polo-Shirt ; https://images.puma.com/image/upload/f_auto,q_auto,b_rgb:fafafa,w_2000,h_2000/global/688016/01/mod01/fnd/PNA/fmt/png/Essentials-All-In-Men's-Polo-Shirt ;" https://i.ebayimg.com/images/g/WSIAAOSwrB1mDaYd/s-l1200.jpg""";;;;;;;;;;;;
"53870804,POLY,Homme,POLO M.C.,PUMA,PRINTEMPS 25,,,,,0,0,Oui,5,""https://images.puma.com/image/upload/f_auto,q_auto,b_rgb:fafafa,w_2000,h_2000/global/690441/01/fnd/PNA/fmt/png/PUMA-Essentials-Men's-Polo-Shirt "; https://images.puma.com/image/upload/f_auto,q_auto,b_rgb:fafafa,w_2000,h_2000/global/688016/01/mod01/fnd/PNA/fmt/png/Essentials-All-In-Men's-Polo-Shirt ; https://images.puma.com/image/upload/f_auto,q_auto,b_rgb:fafafa,w_2000,h_2000/global/690441/01/mod01/fnd/PNA/fmt/png/PUMA-Essentials-Men's-Polo-Shirt ; https://images.puma.com/image/upload/f_auto,q_auto,b_rgb:fafafa,w_2000,h_2000/global/688885/11/mod01/fnd/PNA/fmt/png/PUMA-Essentials-Men's-Pique-Polo-Shirt ;" https://worldwidegolf.vtexassets.com/arquivos/ids/12641029/f9fc53991ab6c306230c7e57f2259657883fa492__10526367_color_flatbronze.jpg?v=638845359324730000""";;;;;;;;;;;;
"53870801,POLY,Homme,POLO M.C.,PUMA,PRINTEMPS 25,,,,,0,0,Oui,5,""https://images.puma.com/image/upload/f_auto,q_auto,b_rgb:fafafa,w_2000,h_2000/global/690441/01/fnd/PNA/fmt/png/PUMA-Essentials-Men's-Polo-Shirt "; https://images.puma.com/image/upload/f_auto,q_auto,b_rgb:fafafa,w_2000,h_2000/global/688016/01/mod01/fnd/PNA/fmt/png/Essentials-All-In-Men's-Polo-Shirt ; https://images.puma.com/image/upload/f_auto,q_auto,b_rgb:fafafa,w_600,h_600/global/688885/11/fnd/PNA/fmt/png/PUMA-Essentials-Men's-Pique-Polo-Shirt ; https://images.puma.com/image/upload/f_auto,q_auto,b_rgb:fafafa,w_2000,h_2000/global/690441/01/mod01/fnd/PNA/fmt/png/PUMA-Essentials-Men's-Polo-Shirt ;" https://i.ebayimg.com/images/g/WSIAAOSwrB1mDaYd/s-l1200.jpg""";;;;;;;;;;;;
"53746701,POLY,Homme,POLO M.C.,PUMA,PRINTEMPS 25,,,,,0,0,Oui,5,""https://images.puma.com/image/upload/f_auto,q_auto,b_rgb:fafafa,w_2000,h_2000/global/690441/01/fnd/PNA/fmt/png/PUMA-Essentials-Men's-Polo-Shirt "; https://images.puma.com/image/upload/f_auto,q_auto,b_rgb:fafafa,w_2000,h_2000/global/688016/01/mod01/fnd/PNA/fmt/png/Essentials-All-In-Men's-Polo-Shirt ; https://images.puma.com/image/upload/f_auto,q_auto,b_rgb:fafafa,w_2000,h_2000/global/690441/01/mod01/fnd/PNA/fmt/png/PUMA-Essentials-Men's-Polo-Shirt ; https://m.media-amazon.com/images/I/81jwgNs9rPL._AC_UY1100_.jpg ;" https://images.puma.com/image/upload/f_auto,q_auto,b_rgb:fafafa,w_2000,h_2000/global/688885/11/mod01/fnd/PNA/fmt/png/PUMA-Essentials-Men's-Pique-Polo-Shirt""";;;;;;;;;;;;
"53745801,POLY,Homme,POLO M.C.,PUMA,PRINTEMPS 25,,,,,0,0,Oui,5,""https://images.puma.com/image/upload/f_auto,q_auto,b_rgb:fafafa,w_2000,h_2000/global/688885/11/fnd/PNA/fmt/png/PUMA-Essentials-Men's-Pique-Polo-Shirt "; https://images.puma.com/image/upload/f_auto,q_auto,b_rgb:fafafa,w_2000,h_2000/global/688885/11/mod01/fnd/PNA/fmt/png/PUMA-Essentials-Men's-Pique-Polo-Shirt ; https://images.puma.com/image/upload/f_auto,q_auto,b_rgb:fafafa,w_2000,h_2000/global/690441/01/fnd/PNA/fmt/png/PUMA-Essentials-Men's-Polo-Shirt ; https://images.puma.com/image/upload/f_auto,q_auto,b_rgb:fafafa,w_2000,h_2000/global/688016/01/mod01/fnd/PNA/fmt/png/Essentials-All-In-Men's-Polo-Shirt ;" https://images.puma.com/image/upload/f_auto,q_auto,b_rgb:fafafa,w_2000,h_2000/global/688885/61/mod01/fnd/PNA/fmt/png/PUMA-Essentials-Men's-Pique-Polo-Shirt""";;;;;;;;;;;;
"53745003,POLY,Homme,POLO M.C.,PUMA,PRINTEMPS 25,,,,,0,0,Oui,5,""https://images.puma.com/image/upload/f_auto,q_auto,b_rgb:fafafa,w_2000,h_2000/global/688885/11/fnd/PNA/fmt/png/PUMA-Essentials-Men's-Pique-Polo-Shirt "; https://images.puma.com/image/upload/f_auto,q_auto,b_rgb:fafafa,w_2000,h_2000/global/688885/11/mod01/fnd/PNA/fmt/png/PUMA-Essentials-Men's-Pique-Polo-Shirt ; https://images.puma.com/image/upload/f_auto,q_auto,b_rgb:fafafa,w_600,h_600/global/637450/01/fnd/PNA/fmt/png/McLAREN-RACING-Men's-Polo ; https://images.puma.com/image/upload/f_auto,q_auto,b_rgb:fafafa,w_2000,h_2000/global/688885/61/mod01/fnd/PNA/fmt/png/PUMA-Essentials-Men's-Pique-Polo-Shirt ;" https://images.puma.com/image/upload/f_auto,q_auto,b_rgb:fafafa,w_2000,h_2000/global/690441/01/mod01/fnd/PNA/fmt/png/PUMA-Essentials-Men's-Polo-Shirt""";;;;;;;;;;;;
"53744704,POLY,Homme,POLO M.C.,PUMA,PRINTEMPS 25,,,,,0,0,Oui,5,""https://www.nyfifth.com/category/20230711/puma-537447-mens-mattr-feeder-golf-polo_LAKE-BLUE.jpg "; https://www.nyfifth.com/category/20230711/puma-537447-mens-mattr-feeder-golf-polo_HIGH-RISE.jpg ; https://cdn1.apparelnbags.com/images/variant/large/ultraclub_8210_columbia-blue.webp ; https://cdn1.apparelnbags.com/images/product/large/puma_537447.jpg ;" https://images.puma.com/image/upload/f_auto,q_auto,b_rgb:fafafa,w_2000,h_2000/global/690441/01/fnd/PNA/fmt/png/PUMA-Essentials-Men's-Polo-Shirt""";;;;;;;;;;;;
"53552214,POLY,Homme,SHORT,PUMA,PRINTEMPS 25,,,,,0,0,Oui,5,""https://m.media-amazon.com/images/I/6188EqR75rL._AC_UY1000_.jpg "; https://m.media-amazon.com/images/I/51FHX3LooYL._AC_UY1000_AIweblab1381794,T1_.jpg ; https://images.puma.com/image/upload/f_auto,q_auto,b_rgb:fafafa,w_2000,h_2000/global/634421/01/fnd/PNA/fmt/png/PUMATECH-Men's-6%22-Relaxed-Shorts ; https://m.media-amazon.com/images/I/61V3dkwl3aL._AC_UY1000_.jpg ;" https://images.puma.com/image/upload/f_auto,q_auto,b_rgb:fafafa,w_2000,h_2000/global/684622/15/fnd/PNA/fmt/png/Sport-Heritage-Men's-9%22-Shorts""";;;;;;;;;;;;
"53552213,POLY,Homme,SHORT,PUMA,PRINTEMPS 25,,,,,0,0,Oui,5,""https://m.media-amazon.com/images/I/41sSxTncdUL.jpg "; https://m.media-amazon.com/images/I/51FHX3LooYL._AC_UY1000_AIweblab1381794,T1_.jpg ; https://m.media-amazon.com/images/I/6188EqR75rL._AC_UY1000_.jpg ; https://m.media-amazon.com/images/I/61V3dkwl3aL._AC_UY1000_.jpg ;" https://images.puma.com/image/upload/f_auto,q_auto,b_rgb:fafafa,w_2000,h_2000/global/634421/01/fnd/PNA/fmt/png/PUMATECH-Men's-6%22-Relaxed-Shorts""";;;;;;;;;;;;
"53452701,COTON,Homme,HOODIE,PUMA,PRINTEMPS 25,,,,,0,0,Oui,5,""https://images.puma.com/image/upload/f_auto,q_auto,b_rgb:fafafa,w_600,h_600/global/682570/01/mod01/fnd/PNA/fmt/png/Essentials-No.-1-Logo-Men's-Hoodie "; https://www.nyfifth.com/category/20230711/puma-534527-mens-cloudspun-progress-hooded-golf-sweatshirt_PUMA-BLACK-HTHR.jpg ; https://images.puma.com/image/upload/f_auto,q_auto,b_rgb:fafafa,w_2000,h_2000/global/528521/01/mod01/fnd/PNA/fmt/png/PUMA-x-HYROX-Men's-Heavyweight-Hoodie ; https://fp-cms.directus.app/assets/ba51992e-de13-4f00-bd50-d8accdafbb73 ;" https://www.nyfifth.com/category/20230711/puma-534527-mens-cloudspun-progress-hooded-golf-sweatshirt_NAVY-BLAZER-HTHR.jpg""";;;;;;;;;;;;
"53379102,POLY,Homme,POLO M.C.,PUMA,PRINTEMPS 25,,,,,0,0,Oui,5,""https://images.puma.com/image/upload/f_auto,q_auto,b_rgb:fafafa,w_2000,h_2000/global/690441/01/fnd/PNA/fmt/png/PUMA-Essentials-Men's-Polo-Shirt "; https://images.puma.com/image/upload/f_auto,q_auto,b_rgb:fafafa,w_2000,h_2000/global/688016/01/mod01/fnd/PNA/fmt/png/Essentials-All-In-Men's-Polo-Shirt ; https://images.puma.com/image/upload/f_auto,q_auto,b_rgb:fafafa,w_2000,h_2000/global/690441/01/mod01/fnd/PNA/fmt/png/PUMA-Essentials-Men's-Polo-Shirt ; https://images.puma.com/image/upload/f_auto,q_auto,b_rgb:fafafa,w_600,h_600/global/634750/07/fnd/PNA/fmt/png/PUMA.NOW-Men's-Polo-Shirt ;" https://images.puma.com/image/upload/f_auto,q_auto,b_rgb:fafafa,w_2000,h_2000/global/688885/11/mod01/fnd/PNA/fmt/png/PUMA-Essentials-Men's-Pique-Polo-Shirt""";;;;;;;;;;;;
"53379001,POLY,Homme,POLO M.C.,PUMA,PRINTEMPS 25,,,,,0,0,Oui,5,""https://images.puma.com/image/upload/f_auto,q_auto,b_rgb:fafafa,w_2000,h_2000/global/688885/11/mod01/fnd/PNA/fmt/png/PUMA-Essentials-Men's-Pique-Polo-Shirt "; https://i.ebayimg.com/images/g/w90AAOSw46llOdNB/s-l400.jpg ; https://images.puma.com/image/upload/f_auto,q_auto,b_rgb:fafafa,w_2000,h_2000/global/688885/11/fnd/PNA/fmt/png/PUMA-Essentials-Men's-Pique-Polo-Shirt ; https://cdn.shopify.com/s/files/1/0603/3031/1875/files/main-square_d14d6d46-b5f1-455a-b202-ae28f54e8d9a_384x.jpg?=75&v=1712035145 ;" https://i.ebayimg.com/images/g/3L8AAOSwZu9lOdNC/s-l400.jpg""";;;;;;;;;;;;
53298812,POLY,Homme,SHORT,PUMA,PRINTEMPS 25,,,,,0,0,Oui,5,https://nohble.com/cdn/shop/products/1_268ccd2a-f04f-48cf-8aa2-1c8c1051cc50_grande.jpg?v=1677607301 ; https://www.sndkids.com/cdn/shop/products/481019_ALT2.jpg?v=1651074695 ; https://i5.walmartimages.com/asr/1805efc9-0c77-45c3-9921-48a8623da54d.1406c2d6759761481204619b91136c66.jpeg ; https://m.media-amazon.com/images/I/91TWwIc7F+L._AC_UY350_.jpg ; https://i.ebayimg.com/images/g/41wAAOSwk2pmaAcX/s-l1200.jpg;;;;;;;;;;;;
"53298802,POLY,Homme,BERMUDA,PUMA,PRINTEMPS 25,,,,,0,0,Oui,5,""https://m.media-amazon.com/images/I/61Ji-Rn-UsL._AC_UF350,350_QL50_.jpg "; https://m.media-amazon.com/images/I/41NCS6UL3eL.jpg ; https://i.ebayimg.com/images/g/ph0AAeSwwGRoyGto/s-l1200.webp ; https://i.ebayimg.com/images/g/iQ8AAeSwKEZqTHQf/s-l1200.webp ;" https://img.runningwarehouse.com/watermark/rs.php?path=PMRUW5S-BK-5.jpg&nw=455""";;;;;;;;;;;;
"53298602,DEMI ZIP POLY,Homme,CHANDAIL M.L.,PUMA,PRINTEMPS 25,,,,,0,0,Oui,5,""https://images.puma.com/image/upload/f_auto,q_auto,b_rgb:fafafa,w_600,h_600/global/632101/01/fnd/PNA/fmt/png/PUMATECH-Men's-Half-Zip-Crew-Neck-Sweatshirt "; https://images.puma.com/image/upload/f_auto,q_auto,b_rgb:fafafa,w_600,h_600/global/629345/55/mod01/fnd/PNA/fmt/png/PUMA-SELECT-Essentials-Men's-Half-Zip-Shirt ; https://images.puma.com/image/upload/f_auto,q_auto,b_rgb:fafafa,w_600,h_600/global/632101/01/bv/fnd/PNA/fmt/png/PUMATECH-Men's-Half-Zip-Crew-Neck-Sweatshirt ; https://images.bike24.com/i/mb/03/d6/b8/puma-run-cloudspun-knit-1-2-zip-mens-longsleeve-shirt-puma-black-1-1331885.jpg ;" https://images.puma.com/image/upload/f_auto,q_auto,b_rgb:fafafa,w_600,h_600/global/629345/55/fnd/PNA/fmt/png/PUMA-SELECT-Essentials-Men's-Half-Zip-Shirt""";;;;;;;;;;;;
"53099118,POLY,Homme,POLO M.C.,PUMA,PRINTEMPS 25,,,,,0,0,Oui,5,""https://images.puma.com/image/upload/f_auto,q_auto,b_rgb:fafafa,w_2000,h_2000/global/688885/11/mod01/fnd/PNA/fmt/png/PUMA-Essentials-Men's-Pique-Polo-Shirt "; https://images.puma.com/image/upload/f_auto,q_auto,b_rgb:fafafa,w_2000,h_2000/global/691966/01/mod01/fnd/PNA/fmt/png/PUMA-Elevated-Essentials-Men's-Polo-Shirt ; https://images.puma.com/image/upload/f_auto,q_auto,b_rgb:fafafa,w_2000,h_2000/global/688885/11/fnd/PNA/fmt/png/PUMA-Essentials-Men's-Pique-Polo-Shirt ; https://images.puma.com/image/upload/f_auto,q_auto,b_rgb:fafafa,w_2000,h_2000/global/688016/01/mod01/fnd/PNA/fmt/png/Essentials-All-In-Men's-Polo-Shirt ;" https://images.puma.com/image/upload/f_auto,q_auto,b_rgb:fafafa,w_2000,h_2000/global/688885/40/mod01/fnd/PNA/fmt/png/PUMA-Essentials-Men's-Pique-Polo-Shirt""";;;;;;;;;;;;
"373354,POLY,Homme,HOODIE,UNDER ARMOUR,AUTOMNE 25,,,,,0,0,Oui,5,""https://underarmour.scene7.com/is/image/Underarmour/V5-1373354-390_FC?rp=standard-0pad%7Cpdp&qlt=85&bgc=f0f0f0&wid=800&hei=1000&op_usm=1.75%2C0.3%2C2%2C0 "; https://workingperson.com/media/catalog/product/v/5/v5-1373354-001_bcedit.jpg?optimize=medium&bg-color=255,255,255&fit=bounds&height=700&width=700&canvas=700:700 ; https://workingperson.com/media/catalog/product/v/5/v5-1373354-001_hoodedit.jpg?optimize=medium&bg-color=255,255,255&fit=bounds&height=700&width=700&canvas=700:700 ; https://underarmour.scene7.com/is/image/Underarmour/PS1373354-390_HF?rp=standard-0pad%7Cpdp&qlt=85&bgc=f0f0f0&wid=800&hei=1000&op_usm=1.75%2C0.3%2C2%2C0 ;" https://popup.dtlr.com/cdn/shop/files/Under_20Armour_6008918_M-107_1500x.jpg?v=1729555520""";;;;;;;;;;;;
3028486,ESPADRILLE,Homme,CHAUSSURE,UNDER ARMOUR,AUTOMNE 25,,,,,0,0,Oui,5,https://i1.t4s.cz/products/3028486-403/under-armour-ua-official-1011352-3028486-4031-960.webp ; https://m.media-amazon.com/images/I/51HCRHcrKPL._AC_UY900_.jpg ; https://univers-crampons.fr/wp-content/uploads/2025/06/Chaussure-UA-Official-Under-Armour-Blanche-et-bleu-marine-3028486-105-Pair-Lateral-Top-Front.jpg ; https://m.media-amazon.com/images/I/61LjDClOKdL._AC_UY900_.jpg ; https://univers-crampons.fr/wp-content/uploads/2025/07/Chaussure-UA-Official-Under-Armour-Noire-3028486-001-Pair-Top-Lateral-Front.jpg;;;;;;;;;;;;
"3028409,ESPADRILLE,Femme,CHAUSSURE,UNDER ARMOUR,AUTOMNE 25,,,,,0,0,Oui,5,""https://i.ebayimg.com/00/s/MTYwMFgxNjAw/z/-hgAAOSwneJnSK1P/$_12.JPG?set_id=880000500F "; https://cdn.dsmcdn.com/ty1775/prod/QC_PREP/20251015/17/a2254cb3-4260-3f13-9bd4-604e233b59df/1_org_zoom.jpg ; https://underarmour.scene7.com/is/image/Underarmour/3028409-100_DEFAULT?rp=standard-30pad|pdp&qlt=85&bgc=f0f0f0&wid=800&hei=1000&size=770,970&op_usm=1.75,0.3,2,0 ; https://underarmour.scene7.com/is/image/Underarmour/auto_dim7_3028409-001?scl=1 ;" https://image.goat.com/transform/v1/attachments/product_template_pictures/images/102/399/791/original/3028409_105.png.png?action=crop&width=750""";;;;;;;;;;;;
3028408,ESPADRILLE,Homme,CHAUSSURE,UNDER ARMOUR,AUTOMNE 25,,,,,0,0,Oui,5,https://i.ebayimg.com/images/g/6K8AAeSwVtdn4dOX/s-l1600.jpg ; https://cdn.shopify.com/s/files/1/0267/2315/6143/files/s7.3028408-403_A_1000x1000.png.webp?v=1752836031&width=800&height=1000&crop=pad&pad_color=EAEAEA&width=100&crop=center ; https://i.ebayimg.com/images/g/O10AAeSw7vJnw22t/s-l400.jpg ; https://cdn.shopify.com/s/files/1/0267/2315/6143/files/s7.3028408-403_DEFAULT.png?v=1752836031 ; https://cdn.shopify.com/s/files/1/0603/3031/1875/files/1_12379926-d8b2-40eb-b2e5-d6c16ca61816.jpg?v=1716955531;;;;;;;;;;;;
"3028296,ESPADRILLE,Homme,CHAUSSURE,UNDER ARMOUR,PRINTEMPS 25,,,,,0,0,Oui,5,""https://i.ebayimg.com/images/g/1ogAAeSwW5RpvCvF/s-l1200.jpg "; https://i.ebayimg.com/images/g/5xMAAeSwdzlorebL/s-l400.jpg ; https://acrossports.s3.amazonaws.com/productPhotos/UNDER%20ARMOUR/3028296044/3028296044_1.jpg ; https://underarmour.scene7.com/is/image/Underarmour/3028296-002_DEFAULT?rp=standard-30pad|grid&qlt=85&bgc=f0f0f0&wid=400&hei=500&size=360,460&op_usm=1.75,0.3,2,0 ;" https://i.ebayimg.com/images/g/54AAAeSwz5hpxq44/s-l1200.jpg""";;;;;;;;;;;;
1389912,CASQUETTE,Homme,ACCESSOIRE,UNDER ARMOUR,AUTOMNE 25,,,,,0,0,Oui,5,https://underarmour.scene7.com/is/image/Underarmour/V5-1389912-410_FC?rp=standard-0pad%7Cpdp&qlt=85&bgc=f0f0f0&wid=800&hei=1000&op_usm=1.75%2C0.3%2C2%2C0 ; https://underarmour.scene7.com/is/image/Underarmour/1389912-410_SLF_SL?rp=standard-0pad%7Cpdp&qlt=85&bgc=f0f0f0&wid=800&hei=1000&op_usm=1.75%2C0.3%2C2%2C0 ; https://underarmour.scene7.com/is/image/Underarmour/1389912-410_SLB_SL?rp=standard-0pad%7Cpdp&qlt=85&bgc=f0f0f0&wid=800&hei=1000&op_usm=1.75%2C0.3%2C2%2C0 ; https://bulzaigolf.com/8130-large_default/casquette-ua-1361547-409-navy-ajustable.jpg ; https://i1.t4s.cz/products/1389912-100/under-armour-m-js-drive-rope-snapback-940228-1389912-102.png;;;;;;;;;;;;
3026727,ESPADRILLE,Homme,CHAUSSURE,UNDER ARMOUR,PRINTEMPS 2026,,,,,0,0,Oui,5,https://underarmour.scene7.com/is/image/Underarmour/3026727-002_DEFAULT?rp=standard-20pad%7CcartFullDesktop&qlt=85&bgc=f0f0f0&wid=400&hei=500&size=380%2C480&op_usm=1.75%2C0.3%2C2%2C0 ; https://underarmour.scene7.com/is/image/Underarmour/3026727-100_DEFAULT?rp=standard-20pad%7CcartFullDesktop&qlt=85&bgc=f0f0f0&wid=400&hei=500&size=380%2C480&op_usm=1.75%2C0.3%2C2%2C0 ; https://underarmour.scene7.com/is/image/Underarmour/3026727-300_DEFAULT?rp=standard-20pad%7CcartFullDesktop&qlt=85&bgc=f0f0f0&wid=400&hei=500&size=380%2C480&op_usm=1.75%2C0.3%2C2%2C0 ; https://underarmour.scene7.com/is/image/Underarmour/3026727-100_A?rp=standard-30pad%7Cpdp&qlt=85&bgc=f0f0f0&wid=800&hei=1000&size=770%2C970&op_usm=1.75%2C0.3%2C2%2C0 ; https://underarmour.scene7.com/is/image/Underarmour/3026727-100_TOE?rp=standard-30pad%7Cpdp&qlt=85&bgc=f0f0f0&wid=800&hei=1000&size=770%2C970&op_usm=1.75%2C0.3%2C2%2C0;;;;;;;;;;;;
3027219,SANDALE,Homme,CHAUSSURE,UNDER ARMOUR,AUTOMNE 25,,,,,0,0,Oui,5,https://underarmour.scene7.com/is/image/Underarmour/3027219-001_DEFAULT?rp=standard-20pad%7CcartFullDesktop&qlt=85&bgc=f0f0f0&wid=400&hei=500&size=380%2C480&op_usm=1.75%2C0.3%2C2%2C0 ; https://underarmour.scene7.com/is/image/Underarmour/3027219-001_TOE?rp=standard-30pad%7Cpdp&qlt=85&bgc=f0f0f0&wid=800&hei=1000&size=770%2C970&op_usm=1.75%2C0.3%2C2%2C0 ; https://underarmour.scene7.com/is/image/Underarmour/3027219-001_PAIR?rp=standard-30pad%7Cpdp&qlt=85&bgc=f0f0f0&wid=800&hei=1000&size=770%2C970&op_usm=1.75%2C0.3%2C2%2C0 ; https://underarmour.scene7.com/is/image/Underarmour/3027219-001_SOLE?rp=standard-30pad%7Cpdp&qlt=85&bgc=f0f0f0&wid=800&hei=1000&size=770%2C970&op_usm=1.75%2C0.3%2C2%2C0 ; https://underarmour.scene7.com/is/image/Underarmour/3027219-247_PAIR?rp=standard-30pad%7Cpdp&qlt=85&bgc=f0f0f0&wid=800&hei=1000&size=770%2C970&op_usm=1.75%2C0.3%2C2%2C0;;;;;;;;;;;;
1389885,CASQUETTE,Homme,ACCESSOIRE,UNDER ARMOUR,PRINTEMPS 2026,,,,,0,0,Oui,5,https://underarmour.scene7.com/is/image/Underarmour/1389885-709_SLF_SL?rp=standard-0pad%7Cpdp&qlt=85&bgc=f0f0f0&wid=800&hei=1000&op_usm=1.75%2C0.3%2C2%2C0 ; https://underarmour.scene7.com/is/image/Underarmour/V5-1389885-709_FC?rp=standard-0pad%7Cpdp&qlt=85&bgc=f0f0f0&wid=800&hei=1000&op_usm=1.75%2C0.3%2C2%2C0 ; https://underarmour.scene7.com/is/image/Underarmour/1389885-709_SLB_SL?rp=standard-0pad%7Cpdp&qlt=85&bgc=f0f0f0&wid=800&hei=1000&op_usm=1.75%2C0.3%2C2%2C0 ; http://pegashoes.com/cdn/shop/files/1376700-338.jpg?v=1776512039&width=2048 ; https://m.media-amazon.com/images/I/51ml8q8PZ6L._AC_SY350_QL45_.jpg;;;;;;;;;;;;
3027007,ESPADRILLE,Femme,CHAUSSURE,UNDER ARMOUR,PRINTEMPS 2026,,,,,0,0,Oui,5,https://underarmour.scene7.com/is/image/Underarmour/3027007-001_DEFAULT?rp=standard-30pad%7Cpdp&qlt=85&bgc=f0f0f0&wid=800&hei=1000&size=770%2C970&op_usm=1.75%2C0.3%2C2%2C0 ; https://cdn11.bigcommerce.com/s-a0f6sfml69/images/stencil/1280x1280/products/11191/1372745/s7.3027007-600_pair__99927.1719101134.jpg?c=1 ; https://underarmour.scene7.com/is/image/Underarmour/3027007-110_DEFAULT?rp=standard-20pad%7CcartFullDesktop&qlt=85&bgc=f0f0f0&wid=400&hei=500&size=380%2C480&op_usm=1.75%2C0.3%2C2%2C0 ; https://i.ebayimg.com/images/g/Bt4AAeSwvNdoNdHU/s-l1200.jpg ; https://cdn11.bigcommerce.com/s-a0f6sfml69/images/stencil/1280x1280/products/11191/1372742/s7.3027007-400_a__83495.1719101133.jpg?c=1;;;;;;;;;;;;
1389864,DEMI ZIP POLY,Homme,CHANDAIL M.L.,UNDER ARMOUR,PRINTEMPS 25,,,,,0,0,Oui,5,https://cdn.ssactivewear.com/Images/ModelColor/128832_omf_fl.jpg ; https://cdn.ssactivewear.com/Images/Color/128832_f_fl.jpg ; https://cdn.ssactivewear.com/images/color/127275_f_fs.jpg ; https://cdn11.bigcommerce.com/s-dvvakqujk6/products/35859/images/6981230/1389864-001_UNDE_BLCST_M_EA1__24142.1783108076.386.513.png?c=2 ; https://cdn.ssactivewear.com/images/color/128827_f_fs.jpg;;;;;;;;;;;;
3028262,ESPADRILLE,Femme,CHAUSSURE,UNDER ARMOUR,AUTOMNE 25,,,,,0,0,Oui,5,https://underarmour.scene7.com/is/image/Underarmour/3028262-323_DEFAULT?rp=standard-20pad%7CcartFullDesktop&qlt=85&bgc=f0f0f0&wid=400&hei=500&size=380%2C480&op_usm=1.75%2C0.3%2C2%2C0 ; https://underarmour.scene7.com/is/image/Underarmour/3028262-110_PAIR?rp=standard-30pad%7Cpdp&qlt=85&bgc=f0f0f0&wid=800&hei=1000&size=770%2C970&op_usm=1.75%2C0.3%2C2%2C0 ; https://contents.mediadecathlon.com/m22837859/k$1d3e6c861b5a23e3278a58c0f5d241e7/picture.jpg ; https://univers-crampons.fr/wp-content/uploads/2025/01/Chaussure-de-course-UA-Rogue-5-noire-et-blanche-pour-femme-3028262-001-Lateral.jpg.webp ; https://underarmour.scene7.com/is/image/Underarmour/3028262-647_DEFAULT?rp=standard-20pad%7CcartFullDesktop&qlt=85&bgc=f0f0f0&wid=400&hei=500&size=380%2C480&op_usm=1.75%2C0.3%2C2%2C0;;;;;;;;;;;;
3028256,ESPADRILLE,Homme,CHAUSSURE,UNDER ARMOUR,AUTOMNE 25,,,,,0,0,Oui,5,https://underarmour.scene7.com/is/image/Underarmour/3028256-323_DEFAULT?rp=standard-20pad%7CcartFullDesktop&qlt=85&bgc=f0f0f0&wid=400&hei=500&size=380%2C480&op_usm=1.75%2C0.3%2C2%2C0 ; https://underarmour.scene7.com/is/image/Underarmour/3028256-403_DEFAULT?rp=standard-20pad%7CcartFullDesktop&qlt=85&bgc=f0f0f0&wid=400&hei=500&size=380%2C480&op_usm=1.75%2C0.3%2C2%2C0 ; https://underarmour.scene7.com/is/image/Underarmour/3028256-290_DEFAULT?rp=standard-20pad%7CcartFullDesktop&qlt=85&bgc=f0f0f0&wid=400&hei=500&size=380%2C480&op_usm=1.75%2C0.3%2C2%2C0 ; https://underarmour.scene7.com/is/image/Underarmour/3028256-104_PAIR?rp=standard-30pad%7Cpdp&qlt=85&bgc=f0f0f0&wid=800&hei=1000&size=770%2C970&op_usm=1.75%2C0.3%2C2%2C0 ; https://www.e-tennis.com/media/catalog/product/cache/9f6a0f2a2b1968473f9efdabe1103d96/u/n/under_armour_rogue_5_men_s_running_shoes_black_3_.webp;;;;;;;;;;;;
"3026179,ESPADRILLE,Femme,CHAUSSURE,UNDER ARMOUR,PRINTEMPS 25,,,,,0,0,Oui,5,""https://goodsstores.com/cdn/shop/files/3026179-001-black-white-womens-ua-charged-assert-10.jpg?v=1785865151&width=480 "; https://www.shoesensation.com/media/catalog/product/underarmour/underarmour-3026179-494-uawchargedassert10-blue01.jpg?optimize=medium&bg-color=255,255,255&fit=bounds&height=700&width=700 ; https://www.shoesensation.com/media/catalog/product/underarmour/underarmour-3026179-600-uawchargedassert10-pink01.jpg?optimize=medium&bg-color=255,255,255&fit=bounds&height=700&width=700 ; http://goodsstores.com/cdn/shop/files/3026179-womens-ua-charged-assert-10.jpg?v=1785865149 ;" https://i.ebayimg.com/images/g/O3oAAOSwwCZnReuk/s-l1200.png""";;;;;;;;;;;;
3026175,ESPADRILLE,Homme,CHAUSSURE,UNDER ARMOUR,AUTOMNE 25,,,,,0,0,Oui,5,https://underarmour.scene7.com/is/image/Underarmour/3026175-400_DEFAULT?rp=standard-20pad%7CcartFullDesktop&qlt=85&bgc=f0f0f0&wid=400&hei=500&size=380%2C480&op_usm=1.75%2C0.3%2C2%2C0 ; https://underarmour.scene7.com/is/image/Underarmour/3026175-104_DEFAULT?rp=standard-30pad%7Cpdp&qlt=85&bgc=f0f0f0&wid=800&hei=1000&size=770%2C970&op_usm=1.75%2C0.3%2C2%2C0 ; https://cdn11.bigcommerce.com/s-a0f6sfml69/images/stencil/1280x1280/products/11171/1372488/3026175v2__70125.1777392100.jpg?c=1 ; https://cdn11.bigcommerce.com/s-a0f6sfml69/images/stencil/1280x1280/products/11171/1372496/s7.3026175-004_defaultv2__04152.1777392103.jpg?c=1 ; https://d3d71ba2asa5oz.cloudfront.net/12024209/images/s7.3026175-003_pairv2.jpg;;;;;;;;;;;;
3025060,ESPADRILLE,Femme,CHAUSSURE,UNDER ARMOUR,PRINTEMPS 25,,,,,0,0,Oui,5,https://www.tuttosport.com.tn/50057-large_default/under-armour-chaussures-charged-aurora-2.jpg ; https://img.sport2000.fr/2oTjlagHUKLsaUXkYpo5-p9WQjRs88qdjEypeOPUVus/resize:fit:550:550/aHR0cDovL3BsYWlu/ZS1kYXRhLm1lemNh/bGl0by5uZXQvMzAy/NTA2MC02MDQtc3Bv/cnQyMDAwL3dlYi0z/MDI1MDYwLTYwNC1w/LmpwZw.webp ; https://m.media-amazon.com/images/I/71o-IZFSZPL.jpg ; https://m.media-amazon.com/images/I/81thou2rbwL.jpg ; https://img.sport2000.fr/4ahg7D6AC-WD2SWxx79AnHpTQH-j562r5UlcbVGrD40/resize:fit:0:0/aHR0cDovL3BsYWlu/ZS1kYXRhLm1lemNh/bGl0by5uZXQvMzAy/NTA2MC02MDQtc3Bv/cnQyMDAwL3dlYi0z/MDI1MDYwLTYwNC0w/NC5qcGc.webp;;;;;;;;;;;;
"3027000,ESPADRILLE,Homme,CHAUSSURE,UNDER ARMOUR,PRINTEMPS 25,,,,,0,0,Oui,5,""https://cdn11.bigcommerce.com/s-a0f6sfml69/images/stencil/1280x1280/products/11192/1372751/s7.3027000-001_default__07278.1719419725.jpg?c=1 "; https://cdn11.bigcommerce.com/s-a0f6sfml69/images/stencil/1280x1280/products/11192/1372749/3027000-parent__21761.1719419725.jpg?c=1 ; https://i.ebayimg.com/images/g/XO8AAOSwHVhnYfm9/s-l400.jpg ; https://contents.mediadecathlon.com/m20933310/k$d872549de09fd38a5a0b82040efa8b79/picture.jpg ;" https://www.shoesensation.com/media/catalog/product/underarmour/underarmour-3027000-004-uachargedsurge4-black01.jpg?optimize=medium&bg-color=255,255,255&fit=bounds&height=700&width=700""";;;;;;;;;;;;
25UUSHJ295,SOUS-VÊTEMENT,Femme,ACCESSOIRE,UNDER ARMOUR,PRINTEMPS 2026,,,,,0,0,Oui,5,https://m.media-amazon.com/images/I/41Jrw-F-+OL._AC_UY350_.jpg ; https://i.ebayimg.com/images/g/PVcAAOSwXENnX5eF/s-l1200.png ; https://m.media-amazon.com/images/I/51QmQDftBuL._AC_UY1000_.jpg ; https://i.ebayimg.com/images/g/JU4AAOSwM5xnX5eH/s-l1200.png ; https://images.dickssportinggoods.com/is/image/dkscdn/25UNDWFITNHTGRMSHTZKE_Bittersweet_Pink_Posh_Pink_is;;;;;;;;;;;;
"25UUSHJ193,SOUS-VÊTEMENT,Homme,ACCESSOIRE,UNDER ARMOUR,PRINTEMPS 2026,,,,,0,0,Oui,5,""https://underarmour.scene7.com/is/image/Underarmour/V5-1383882-001_FC?rp=standard-0pad%7CcartFullDesktop&qlt=85&bgc=f0f0f0&wid=400&hei=500&op_usm=1.75%2C0.3%2C2%2C0 "; https://underarmour.scene7.com/is/image/Underarmour/PS1383891-410_F?rp=standard-0pad%7Cpdp&qlt=85&bgc=f0f0f0&wid=800&hei=1000&op_usm=1.75%2C0.3%2C2%2C0 ; https://m.media-amazon.com/images/I/71bIjOdlEJL._AC_CR0%2C0%2C0%2C0_SX352_SY330_.jpg ; https://img2.ans-media.com/i/840x1260/SS24-BIM0MS-59X_F1.jpg?v=1713936386 ;" https://m.media-amazon.com/images/I/71FBarD0qJL._AC_SR768,1024_.jpg""";;;;;;;;;;;;
"25UUSHJ155,SOUS-VÊTEMENT,Femme,ACCESSOIRE,UNDER ARMOUR,PRINTEMPS 2026,,,,,0,0,Oui,5,""https://underarmour.scene7.com/is/image/Underarmour/V5-1390413-673_FC?rp=standard-0pad|grid&qlt=85&bgc=f0f0f0&wid=400&hei=500&op_usm=1.75,0.3,2,0 "; https://media.latulippe.com/Content/Produits/25UUSHJ155-black.jpg?width=240&height=240&mode=pad&scale=canvas&quality=75&bgcolor=fff&metadata=false ; https://underarmour.scene7.com/is/image/Underarmour/V5-1383895-001_FC?rp=standard-0pad|grid&qlt=85&bgc=f0f0f0&wid=400&hei=500&op_usm=1.75,0.3,2,0 ; https://media.latulippe.com/Content/Produits/UUSHJ145-01.jpg?width=600&height=600&mode=pad&scale=canvas&quality=75&bgcolor=fff&metadata=false ;" https://fglprdcdn.azureedge.net/images/778891-439-5-Large.jpg""";;;;;;;;;;;;
"25UUSHJ145,SOUS-VÊTEMENT,Femme,ACCESSOIRE,UNDER ARMOUR,PRINTEMPS 2026,,,,,0,0,Oui,5,""https://momosports.ca/cdn/shop/files/25UUSHJ145_UND614_Main_aecbf198-bb66-461c-9bea-fe8930648f6b_grande.png?v=1785695628 "; https://s3.amazonaws.com/syncpigeon/alti_prod/images/uda-25uushj145__front1-black.jpg ; http://underarmour.scene7.com/is/image/Underarmour/V5-1390413-673_FC?rp=standard-0pad|grid&qlt=85&bgc=f0f0f0&wid=400&hei=500&op_usm=1.75,0.3,2,0 ; https://img.thelasthunt.com/https%3A%2F%2Fs3.amazonaws.com%2Fsyncpigeon%2Falti_prod%2Fimages%2Fuda-25uushj145_black.jpg?w=3840&q=75 ;" https://s3.amazonaws.com/syncpigeon/alti_prod/images/uda-25uushj145__studiofront3-prime-pink.jpg""";;;;;;;;;;;;
25UUSHJ135,SOUS-VÊTEMENT,Femme,ACCESSOIRE,UNDER ARMOUR,PRINTEMPS 2026,,,,,0,0,Oui,5,https://underarmour.scene7.com/is/image/Underarmour/V5-1383893-520_FC?rp=standard-0pad%7CcartFullDesktop&qlt=85&bgc=f0f0f0&wid=400&hei=500&op_usm=1.75%2C0.3%2C2%2C0 ; https://dks.scene7.com/is/image/GolfGalaxy/25UNDWFITNHTGRMSHTZKE_Bittersweet_Pink_Posh_Pink?qlt=70&wid=780&hei=780&fmt=pjpeg&op_sharpen=1&fit=constrain ; https://underarmour.scene7.com/is/image/Underarmour/PS1383893-111_F?rp=standard-0pad%7Cpdp&qlt=85&bgc=f0f0f0&wid=800&hei=1000&op_usm=1.75%2C0.3%2C2%2C0 ; https://m.media-amazon.com/images/I/41QE+POcCFL._AC_UY350_.jpg ; https://i.ebayimg.com/images/g/PVcAAOSwXENnX5eF/s-l1200.png;;;;;;;;;;;;
"25UUSHJ093,SOUS-VÊTEMENT,Homme,ACCESSOIRE,UNDER ARMOUR,PRINTEMPS 2026,,,,,0,0,Oui,5,""https://thesportsedit.com/cdn/shop/files/under-armour-performance-cotton-6-3pk-black-red-grey-25uushj093-021-1383889-025_1_430x559.jpg?v=1757332099 "; https://thesportsedit.com/cdn/shop/files/under-armour-performance-cotton-solid-6-3pk-black-25uushj093-001-1383889-001_3.jpg?v=1757332027 ; https://thesportsedit.com/cdn/shop/files/under-armour-performance-cotton-solid-6-3pk-black-25uushj093-001-1383889-001_1_grande.jpg?v=1757332021 ; https://fglprdcdn.azureedge.net/images/778947-968-2-Large.jpg ;" https://underarmour.scene7.com/is/image/Underarmour/V5-1383878-400_FC?rp=standard-0pad|grid&qlt=85&bgc=f0f0f0&wid=400&hei=500&op_usm=1.75,0.3,2,0""";;;;;;;;;;;;
25UUSHJ043,SOUS-VÊTEMENT,Homme,ACCESSOIRE,UNDER ARMOUR,PRINTEMPS 2026,,,,,0,0,Oui,5,https://shopcgx.com/cdn/shop/files/71YiCLYV8oL._AC_SX569.jpg?v=1732135196 ; https://m.media-amazon.com/images/I/71NR3S+HH3L._AC_SL1500_.jpg ; https://m.media-amazon.com/images/I/71c1M9iPUbL._AC_SL1500_.jpg ; https://underarmour.scene7.com/is/image/Underarmour/V5-1383880-001_FC?rp=standard-0pad%7CcartFullDesktop&qlt=85&bgc=f0f0f0&wid=400&hei=500&op_usm=1.75%2C0.3%2C2%2C0 ; https://underarmour.scene7.com/is/image/Underarmour/V5-1383880-400_FC?rp=standard-0pad%7Cpdp&qlt=85&bgc=f0f0f0&wid=800&hei=1000&op_usm=1.75%2C0.3%2C2%2C0;;;;;;;;;;;;
25UUSHJ033,SOUS-VÊTEMENT,Homme,ACCESSOIRE,UNDER ARMOUR,PRINTEMPS 2026,,,,,0,0,Oui,5,https://img.runningwarehouse.com/watermark/rs.php?path=UMPS3BK-BK-1.jpg&nw=455 ; https://m.media-amazon.com/images/I/81ueWe+C61L._AC_SX425_.jpg ; https://m.media-amazon.com/images/I/81oMKs97bUL._AC_SX425_.jpg ; https://m.media-amazon.com/images/I/41qRep5kiBL._AC_.jpg ; https://img2.ans-media.com/i/824x1236/SS24-BIM0MR-90X_F1.avif?v=1773244044;;;;;;;;;;;;
1390367,POLY,Femme,CAMISOLE,UNDER ARMOUR,AUTOMNE 25,,,,,0,0,Oui,5,https://underarmour.com.ph/cdn/shop/files/1390367-002_1600x1600.jpg?v=1746499956 ; https://contents.mediadecathlon.com/m23596551/k$03d25dae62ce4d0d063987dbeeeaa4a7/picture.jpg ; https://underarmour.com.ph/cdn/shop/files/1390367-002-2.jpg?crop=center&height=800&v=1746499959&width=800 ; https://underarmour.scene7.com/is/image/Underarmour/V5-1390367-044_FC?rp=standard-0pad%7Cpdp&qlt=85&bgc=f0f0f0&wid=800&hei=1000&op_usm=1.75%2C0.3%2C2%2C0 ; https://contents.mediadecathlon.com/m23596701/k$ded2d4360e57a2023e638adb8fd61b46/picture.jpg;;;;;;;;;;;;
"1390208,COL ROND POLY,Homme,CHANDAIL M.C.,UNDER ARMOUR,PRINTEMPS 25,,,,,0,0,Oui,5,""https://underarmour.scene7.com/is/image/Underarmour/V5-1390098-100_FC?rp=standard-0pad%7Cpdp&qlt=85&bgc=f0f0f0&wid=800&hei=1000&op_usm=1.75%2C0.3%2C2%2C0 "; https://i0.wp.com/www.baltimoresun.com/wp-content/uploads/2024/10/TBS-H-CITY-POLY-APPAREL.jpg?fit=620%2C9999px&ssl=1 ; https://m.media-amazon.com/images/I/51Xza2IPvpL._AC_UY1000_.jpg ; https://academy.scene7.com/is/image/academy/20726268?$pdp-mobile-gallery-ng$ ;" https://www.baltimoresun.com/wp-content/uploads/2024/10/TBS-H-CITY-POLY-APPAREL-P2.jpg?w=1800&resize=1800,1800""";;;;;;;;;;;;
"1390151,JOGGERS,Homme,PANTALON,UNDER ARMOUR,AUTOMNE 25,,,,,0,0,Oui,5,""https://belk.scene7.com/is/image/Belk?layer=0&src=3203340_1390151_A_001&%24=&wid=828&fit=wrap "; https://belk.scene7.com/is/image/Belk?layer=0&src=3203340_1390151_B_001&%24=&wid=828&fit=wrap ; https://belk.scene7.com/is/image/Belk?layer=0&src=3203340_1390151_C_001&%24=&wid=828&fit=wrap ; https://assets.laboutiqueofficielle.com/w_360,q_auto,f_auto/media/products/2026/06/16/under-armour_505129_1390151_025_20260702T144928_01.jpg ;" https://assets.laboutiqueofficielle.com/w_360,q_auto,f_auto/media/products/2026/06/16/under-armour_505130_1390151_410_20260702T142928_01.jpg""";;;;;;;;;;;;
1390108,COL ROND POLY,Garçon,CHANDAIL M.C.,UNDER ARMOUR,PRINTEMPS 2026,,,,,0,0,Oui,5,https://underarmour.scene7.com/is/image/Underarmour/PS1390108-001_HF?rp=standard-0pad%7CcartFullDesktop&qlt=85&bgc=f0f0f0&wid=400&hei=500&op_usm=1.75%2C0.3%2C2%2C0 ; https://underarmour.scene7.com/is/image/Underarmour/PS1390108-100_HF?rp=standard-0pad%7Cpdp&qlt=85&bgc=f0f0f0&wid=800&hei=1000&op_usm=1.75%2C0.3%2C2%2C0 ; https://underarmour.scene7.com/is/image/Underarmour/PS1390108-600_HF?rp=standard-0pad%7CcartFullDesktop&qlt=85&bgc=f0f0f0&wid=400&hei=500&op_usm=1.75%2C0.3%2C2%2C0 ; https://underarmour.scene7.com/is/image/Underarmour/PS1390108-400_HF?rp=standard-0pad%7CcartFullDesktop&qlt=85&bgc=f0f0f0&wid=400&hei=500&op_usm=1.75%2C0.3%2C2%2C0 ; https://underarmour.scene7.com/is/image/Underarmour/PS1390108-100_HB?rp=standard-0pad%7Cpdp&qlt=85&bgc=f0f0f0&wid=800&hei=1000&op_usm=1.75%2C0.3%2C2%2C0;;;;;;;;;;;;
1390075,POLY,Fille,SHORT,UNDER ARMOUR,PRINTEMPS 2026,,,,,0,0,Oui,5,https://underarmour.scene7.com/is/image/Underarmour/V5-1390075-002_FC?rp=standard-0pad%7CcartFullDesktop&qlt=85&bgc=f0f0f0&wid=400&hei=500&op_usm=1.75%2C0.3%2C2%2C0 ; https://underarmour.scene7.com/is/image/Underarmour/PS1390075-637_HF?rp=standard-0pad%7CcartFullDesktop&qlt=85&bgc=f0f0f0&wid=400&hei=500&op_usm=1.75%2C0.3%2C2%2C0 ; https://underarmour.scene7.com/is/image/Underarmour/V5-1390075-100_FSF?rp=standard-0pad%7Cpdp&qlt=85&bgc=f0f0f0&wid=800&hei=1000&op_usm=1.75%2C0.3%2C2%2C0 ; https://underarmour.scene7.com/is/image/Underarmour/PS1390075-870_HF?rp=standard-0pad%7CcartFullDesktop&qlt=85&bgc=f0f0f0&wid=400&hei=500&op_usm=1.75%2C0.3%2C2%2C0 ; https://underarmour.scene7.com/is/image/Underarmour/PS1390075-430_HF?rp=standard-0pad%7CcartFullDesktop&qlt=85&bgc=f0f0f0&wid=400&hei=500&op_usm=1.75%2C0.3%2C2%2C0;;;;;;;;;;;;
1390071,COL ROND COTON,Fille,CHANDAIL M.C.,UNDER ARMOUR,PRINTEMPS 2026,,,,,0,0,Oui,5,https://m.media-amazon.com/images/I/31kzyFpDH9L.jpg ; https://underarmour.scene7.com/is/image/Underarmour/PS1379475-001_HF?rp=standard-0pad%7Cpdp&qlt=85&bgc=f0f0f0&wid=800&hei=1000&op_usm=1.75%2C0.3%2C2%2C0 ; https://underarmour.scene7.com/is/image/Underarmour/V5-1379508-001_FC?rp=standard-0pad%7Cpdp&qlt=85&bgc=f0f0f0&wid=800&hei=1000&op_usm=1.75%2C0.3%2C2%2C0 ; https://underarmour.scene7.com/is/image/Underarmour/PS1379517-477_HF?rp=standard-0pad%7Cpdp&qlt=85&bgc=f0f0f0&wid=800&hei=1000&op_usm=1.75%2C0.3%2C2%2C0 ; https://underarmour.scene7.com/is/image/Underarmour/PS1379508-001_HF?rp=standard-0pad%7Cpdp&qlt=85&bgc=f0f0f0&wid=800&hei=1000&op_usm=1.75%2C0.3%2C2%2C0;;;;;;;;;;;;
1389854,POLY,Femme,CAMISOLE,UNDER ARMOUR,AUTOMNE 25,,,,,0,0,Oui,5,https://i1.t4s.cz/products/1389854-001/under-armour-tech-swing-tank-922473-1389854-001.jpg ; https://i1.t4s.cz/products/1389854-001/under-armour-tech-swing-tank-922473-1389854-002.jpg ; https://www.volleyhouse.gr/14934-superlarge_default/under-armour-tech%E2%84%A2-swing-tank-top-pink-1389854-647.jpg ; https://underarmour.scene7.com/is/image/Underarmour/V5-1389854-100_FC?rp=standard-0pad%7Cpdp&qlt=85&bgc=f0f0f0&wid=800&hei=1000&op_usm=1.75%2C0.3%2C2%2C0 ; https://www.volleyhouse.gr/14935-large_default/under-armour-tech%E2%84%A2-swing-tank-top-pink-1389854-647.jpg;;;;;;;;;;;;
1390070,POLY,Fille,SHORT,UNDER ARMOUR,AUTOMNE 25,,,,,0,0,Oui,5,https://contents.mediadecathlon.com/m24356552/k$71988f408d6c8f9d324e65cd64b1448f/picture.jpg ; https://underarmour.scene7.com/is/image/Underarmour/V5-1390075-100_FC?rp=standard-0pad%7CcartFullDesktop&qlt=85&bgc=f0f0f0&wid=400&hei=500&op_usm=1.75%2C0.3%2C2%2C0 ; https://www.e-tennis.gr/media/catalog/product/cache/9f6a0f2a2b1968473f9efdabe1103d96/u/a/ua_heatgear_shorty_2_.webp ; https://underarmour.scene7.com/is/image/Underarmour/PS1390075-637_HF?rp=standard-0pad%7CcartFullDesktop&qlt=85&bgc=f0f0f0&wid=400&hei=500&op_usm=1.75%2C0.3%2C2%2C0 ; https://i5.samsclubimages.com/asr/2ebb6064-31e3-485f-9443-ab77c5b9584a.4dd8e19a7eb2ae9b80ce2da9c03d36c1.jpeg;;;;;;;;;;;;
1390069,POLY,Fille,PANTALON,UNDER ARMOUR,AUTOMNE 25,,,,,0,0,Oui,5,https://underarmour.scene7.com/is/image/Underarmour/PS1390069-044_HF?rp=standard-0pad%7Cpdp&qlt=85&bgc=f0f0f0&wid=800&hei=1000&op_usm=1.75%2C0.3%2C2%2C0 ; https://m.media-amazon.com/images/I/21Moa4bSHoL.jpg ; https://underarmour.scene7.com/is/image/Underarmour/PS1390069-044_HB?rp=standard-0pad%7Cpdp&qlt=85&bgc=f0f0f0&wid=800&hei=1000&op_usm=1.75%2C0.3%2C2%2C0 ; https://m.media-amazon.com/images/I/41AmswHibCL._AC_UY1000_.jpg ; https://underarmour.scene7.com/is/image/Underarmour/V5-1379988-709_FC?rp=standard-0pad%7Cpdp&qlt=85&bgc=f0f0f0&wid=800&hei=1000&op_usm=1.75%2C0.3%2C2%2C0;;;;;;;;;;;;
1390066,SOUTIEN-GEORGE,Fille,ACCESSOIRE,UNDER ARMOUR,PRINTEMPS 2026,,,,,0,0,Oui,5,https://underarmour.scene7.com/is/image/Underarmour/V5-1390066-002_FC?rp=standard-0pad%7CcartFullDesktop&qlt=85&bgc=f0f0f0&wid=400&hei=500&op_usm=1.75%2C0.3%2C2%2C0 ; https://underarmour.scene7.com/is/image/Underarmour/PS1390066-637_HF?rp=standard-0pad%7CcartFullDesktop&qlt=85&bgc=f0f0f0&wid=400&hei=500&op_usm=1.75%2C0.3%2C2%2C0 ; https://underarmour.scene7.com/is/image/Underarmour/V5-1390066-600_FC?rp=standard-0pad%7CcartFullDesktop&qlt=85&bgc=f0f0f0&wid=400&hei=500&op_usm=1.75%2C0.3%2C2%2C0 ; https://underarmour.scene7.com/is/image/Underarmour/PS1390066-312_HB?rp=standard-0pad%7Cpdp&qlt=85&bgc=f0f0f0&wid=800&hei=1000&op_usm=1.75%2C0.3%2C2%2C0 ; https://underarmour.scene7.com/is/image/Underarmour/V5-1390066-466_FC?rp=standard-0pad%7CcartFullDesktop&qlt=85&bgc=f0f0f0&wid=400&hei=500&op_usm=1.75%2C0.3%2C2%2C0;;;;;;;;;;;;
1389724,COL ROND POLY,Femme,CHANDAIL M.C.,UNDER ARMOUR,PRINTEMPS 25,,,,,0,0,Oui,5,https://m.media-amazon.com/images/I/51wLxeYvsvL._AC_UY1000_.jpg ; https://i0.wp.com/www.baltimoresun.com/wp-content/uploads/2024/10/TBS-H-CITY-POLY-APPAREL.jpg?fit=620%2C9999px&ssl=1 ; https://m.media-amazon.com/images/I/511jEPyrXJL._AC_UY1000_.jpg ; https://underarmour.scene7.com/is/image/Underarmour/PS1379475-001_HF?rp=standard-0pad%7Cpdp&qlt=85&bgc=f0f0f0&wid=800&hei=1000&op_usm=1.75%2C0.3%2C2%2C0 ; https://m.media-amazon.com/images/I/31EIDW6N-yL.jpg;;;;;;;;;;;;
1389798,POLY,Femme,CAMISOLE,UNDER ARMOUR,AUTOMNE 25,,,,,0,0,Oui,5,https://underarmour.scene7.com/is/image/Underarmour/V5-1389798-647_FC?rp=standard-0pad%7CcartFullDesktop&qlt=85&bgc=f0f0f0&wid=400&hei=500&op_usm=1.75%2C0.3%2C2%2C0 ; https://underarmour.scene7.com/is/image/Underarmour/V5-1389798-251_BC?rp=standard-0pad%7Cpdp&qlt=85&bgc=f0f0f0&wid=800&hei=1000&op_usm=1.75%2C0.3%2C2%2C0 ; https://underarmourbr.vtexassets.com/arquivos/ids/419483/1389798-001-01.jpg?v=639062371929270000 ; https://cdn.shopify.com/s/files/1/0267/2315/6143/files/s7.V5-1389798-100_FC_1000x1000.png.webp?v=1738174719 ; https://underarmour.scene7.com/is/image/Underarmour/PS1389798-100_HF?rp=standard-0pad%7Cpdp&qlt=85&bgc=f0f0f0&wid=800&hei=1000&op_usm=1.75%2C0.3%2C2%2C0;;;;;;;;;;;;
1389851,POLY,Femme,CAMISOLE,UNDER ARMOUR,PRINTEMPS 25,,,,,0,0,Oui,5,https://underarmour.scene7.com/is/image/Underarmour/V5-1389851-100_FC?rp=standard-0pad%7Cpdp&qlt=85&bgc=f0f0f0&wid=800&hei=1000&op_usm=1.75%2C0.3%2C2%2C0 ; https://underarmour.scene7.com/is/image/Underarmour/V5-1389851-669_FC?rp=standard-0pad%7CcartFullDesktop&qlt=85&bgc=f0f0f0&wid=400&hei=500&op_usm=1.75%2C0.3%2C2%2C0 ; https://underarmour.scene7.com/is/image/Underarmour/V5-1389851-100_BC?rp=standard-0pad%7Cpdp&qlt=85&bgc=f0f0f0&wid=800&hei=1000&op_usm=1.75%2C0.3%2C2%2C0 ; https://underarmour.scene7.com/is/image/Underarmour/V5-1389851-637_FC?rp=standard-0pad%7CcartFullDesktop&qlt=85&bgc=f0f0f0&wid=400&hei=500&op_usm=1.75%2C0.3%2C2%2C0 ; https://underarmour.scene7.com/is/image/Underarmour/V5-1389851-870_FC?rp=standard-0pad%7CcartFullDesktop&qlt=85&bgc=f0f0f0&wid=400&hei=500&op_usm=1.75%2C0.3%2C2%2C0;;;;;;;;;;;;
1386424,SOUTIEN-GEORGE,Femme,ACCESSOIRE,UNDER ARMOUR,PRINTEMPS 25,,,,,0,0,Oui,5,https://underarmour.scene7.com/is/image/Underarmour/V5-1386424-102_FC?rp=standard-0pad%7Cpdp&qlt=85&bgc=f0f0f0&wid=800&hei=1000&op_usm=1.75%2C0.3%2C2%2C0 ; https://underarmour.scene7.com/is/image/Underarmour/V5-1386424-600_FC?rp=standard-0pad%7CcartFullDesktop&qlt=85&bgc=f0f0f0&wid=400&hei=500&op_usm=1.75%2C0.3%2C2%2C0 ; https://underarmour.scene7.com/is/image/Underarmour/V5-1386424-008_FC?rp=standard-0pad%7CcartFullDesktop&qlt=85&bgc=f0f0f0&wid=400&hei=500&op_usm=1.75%2C0.3%2C2%2C0 ; http://pegashoes.com/cdn/shop/files/1386424-847.jpg?v=1770273227&width=2048 ; https://pegashoes.com/cdn/shop/files/1386424-498_1_grande.jpg?v=1777732178;;;;;;;;;;;;
1386504,POLY,Femme,HOODIE,UNDER ARMOUR,PRINTEMPS 25,,,,,0,0,Oui,5,https://productimages.footy.com/6689408e557568319a63c630/1/3840.webp?q=75 ; https://contents.mediadecathlon.com/m24376653/k$67b5a8ca1caa73ebaddbbd321b0c117d/picture.jpg ; https://productimages.footy.com/6689408e557568319a63c630/2/3840.webp?q=75 ; https://i1.t4s.cz/products/1386504-001/under-armour-ua-armour-flc-pro-hdy-blk-840407-1386504-001-960.webp ; https://contents.mediadecathlon.com/m23821358/k$ce2f8d48310521b473defaadf844e24d/picture.jpg?format=auto&f=3000x0;;;;;;;;;;;;
1386521,COTON,Fille,HOODIE,UNDER ARMOUR,AUTOMNE 25,,,,,0,0,Oui,5,https://underarmour.scene7.com/is/image/Underarmour/PS1386536-652_HF?rp=standard-0pad%7CcartFullDesktop&qlt=85&bgc=f0f0f0&wid=400&hei=500&op_usm=1.75%2C0.3%2C2%2C0 ; https://i.ebayimg.com/images/g/suMAAOSwnFJj8~qA/s-l400.jpg ; https://underarmour.scene7.com/is/image/Underarmour/V5-6004118-647_FC?rp=standard-0pad%7Cpdp&qlt=85&bgc=f0f0f0&wid=800&hei=1000&op_usm=1.75%2C0.3%2C2%2C0 ; https://m.media-amazon.com/images/I/8102wxnTjGL._AC_UY350_.jpg ; https://m.media-amazon.com/images/I/61T0-GJiTqL._AC_SY350_QL65_.jpg;;;;;;;;;;;;
1386531,JOGGERS,Fille,PANTALON,UNDER ARMOUR,AUTOMNE 25,,,,,0,0,Oui,5,https://belk.scene7.com/is/image/Belk?layer=0&src=4201351_1386531_A_001&%24=&wid=828&fit=wrap ; https://belk.scene7.com/is/image/Belk?layer=0&src=4201351_1386531_B_001&%24=&wid=828&fit=wrap ; https://i.ebayimg.com/images/g/F~QAAOSwSEtoLwhp/s-l500.jpg ; https://i.ebayimg.com/images/g/YYkAAOSwscJoLwxx/s-l500.jpg ; https://i.ebayimg.com/images/g/VbwAAOSwNnZggQcr/s-l500.jpg;;;;;;;;;;;;
"1386557,POLY,Homme,SHORT,UNDER ARMOUR,AUTOMNE 25,,,,,0,0,Oui,5,""https://underarmour.scene7.com/is/image/Underarmour/V5-1386557-308_WSTBND?rp=standard-0pad%7Cpdp&qlt=85&bgc=f0f0f0&wid=800&hei=1000&op_usm=1.75%2C0.3%2C2%2C0 "; https://underarmour.scene7.com/is/image/Underarmour/V5-1386557-308_FC?rp=standard-0pad%7CcartFullDesktop&qlt=85&bgc=f0f0f0&wid=400&hei=500&op_usm=1.75%2C0.3%2C2%2C0 ; https://m.media-amazon.com/images/I/616LaS9Az3L._AC_UF350,350_QL80_.jpg ; https://underarmour.scene7.com/is/image/Underarmour/V5-1386557-308_BC?rp=standard-0pad%7Cpdp&qlt=85&bgc=f0f0f0&wid=800&hei=1000&op_usm=1.75%2C0.3%2C2%2C0 ;" https://m.media-amazon.com/images/I/61zWLEyKu5L._AC_SR768,1024_.jpg""";;;;;;;;;;;;
"1386558,POLY,Homme,PANTALON,UNDER ARMOUR,PRINTEMPS 2026,,,,,0,0,Oui,5,""https://underarmour.scene7.com/is/image/Underarmour/V5-1386558-410_WSTBND?rp=standard-0pad%7Cpdp&qlt=85&bgc=f0f0f0&wid=800&hei=1000&op_usm=1.75%2C0.3%2C2%2C0 "; https://underarmour.scene7.com/is/image/Underarmour/V5-1386558-025_FC?rp=standard-0pad%7CcartFullDesktop&qlt=85&bgc=f0f0f0&wid=400&hei=500&op_usm=1.75%2C0.3%2C2%2C0 ; https://underarmour.scene7.com/is/image/Underarmour/V5-1386558-289_FC?rp=standard-0pad%7CcartFullDesktop&qlt=85&bgc=f0f0f0&wid=400&hei=500&op_usm=1.75%2C0.3%2C2%2C0 ; https://underarmour.scene7.com/is/image/Underarmour/V5-1386558-410_BC?rp=standard-0pad%7Cpdp&qlt=85&bgc=f0f0f0&wid=800&hei=1000&op_usm=1.75%2C0.3%2C2%2C0 ;" https://assets.laboutiqueofficielle.com/w_466,q_auto,f_auto/media/products/2024/08/27/under-armour_433094_1386558_001_20240919T143052_01.jpg""";;;;;;;;;;;;
"1386587,JOGGERS,Homme,PANTALON,UNDER ARMOUR,PRINTEMPS 25,,,,,0,0,Oui,5,""https://m.media-amazon.com/images/I/51BtcxtSInL._AC_UY1000_.jpg "; https://m.media-amazon.com/images/I/61OJrhG-rCL._AC_UY1000_.jpg ; https://m.media-amazon.com/images/I/71Qy3x+oNIL._AC_SY350_QL65_.jpg ; https://underarmour.scene7.com/is/image/Underarmour/PS1386706-001_HF?rp=standard-0pad%7Cpdp&qlt=85&bgc=f0f0f0&wid=800&hei=1000&op_usm=1.75%2C0.3%2C2%2C0 ;" https://m.media-amazon.com/images/S/aplus-media-library-service-media/3ed11f91-7482-46e6-96aa-3690748c251e.__CR0,0,300,300_PT0_SX300_V1___.jpg""";;;;;;;;;;;;
1386639,TUQUE,Femme,ACCESSOIRE,UNDER ARMOUR,AUTOMNE 25,,,,,0,0,Oui,5,http://www.hrlash.com/cdn/shop/files/1386639-001_SLF_SL.jpg?v=1730485347 ; https://www.hrlash.com/cdn/shop/files/V5-1386639-001_FC.jpg?v=1730485370&width=1946 ; https://i1.t4s.cz/products/1386639-535/under-armour-w-halftime-cable-knit-beanie-ppl-840299-1386639-535-480.webp ; https://img.sport2000.fr/4SE8Xalx8ROMsKgryTlJQisIxzV0_u-rVXjCJMb0woc/resize:fit:550:550/aHR0cDovL3BsYWlu/ZS1kYXRhLm1lemNh/bGl0by5uZXQvMTM4/NjYzOS0zMjMtc3Bv/cnQyMDAwL3dlYi0x/Mzg2NjM5LTMyMy1w/LmpwZw.webp ; https://i1.t4s.cz/products/1386639-323/under-armour-w-halftime-cable-knit-beanie-1000922-1386639-3233.png;;;;;;;;;;;;
1386642,TUQUE,Fille,ACCESSOIRE,UNDER ARMOUR,AUTOMNE 25,,,,,0,0,Oui,5,https://underarmour.scene7.com/is/image/Underarmour/1386642-001_SLF_SL?rp=standard-0pad%7Cpdp&qlt=85&bgc=f0f0f0&wid=800&hei=1000&op_usm=1.75%2C0.3%2C2%2C0 ; https://underarmour.scene7.com/is/image/Underarmour/1386642-001_SLB_SL?rp=standard-0pad%7Cpdp&qlt=85&bgc=f0f0f0&wid=800&hei=1000&op_usm=1.75%2C0.3%2C2%2C0 ; https://m.media-amazon.com/images/I/61waBznbz-L._AC_SX466_.jpg ; https://www.cosmossport.cy/3006853-product_large/under-armour-g-beanie-glove-combo.jpg ; https://m.media-amazon.com/images/I/61qrQ-J-O0L._AC_SX385_.jpg;;;;;;;;;;;;
1386970,POLY,Homme,SHORT,UNDER ARMOUR,AUTOMNE 25,,,,,0,0,Oui,5,https://underarmour.scene7.com/is/image/Underarmour/V5-1386970-338_FC?rp=standard-0pad%7Cpdp&qlt=85&bgc=f0f0f0&wid=800&hei=1000&op_usm=1.75%2C0.3%2C2%2C0 ; https://shopmartins.com/cdn/shop/files/1386970-465_d62748e6-a26d-4d4f-a4ed-af59823967d0_1080x.jpg?v=1772049124 ; https://underarmour.scene7.com/is/image/Underarmour/V5-1386970-870_FC?rp=standard-0pad%7CcartFullDesktop&qlt=85&bgc=f0f0f0&wid=400&hei=500&op_usm=1.75%2C0.3%2C2%2C0 ; https://underarmour.scene7.com/is/image/Underarmour/V5-1386970-338_FSF?rp=standard-0pad%7Cpdp&qlt=85&bgc=f0f0f0&wid=800&hei=1000&op_usm=1.75%2C0.3%2C2%2C0 ; https://underarmour.com.ph/cdn/shop/files/s7.V5-1386970-001_FC.jpg?crop=center&height=1080&v=1751959635&width=1080;;;;;;;;;;;;
1386980,DEMI ZIP POLY,Homme,CHANDAIL M.L.,UNDER ARMOUR,AUTOMNE 25,,,,,0,0,Oui,5,https://underarmour.scene7.com/is/image/Underarmour/V5-1386980-069_FC?rp=standard-0pad%7CcartFullDesktop&qlt=85&bgc=f0f0f0&wid=400&hei=500&op_usm=1.75%2C0.3%2C2%2C0 ; https://underarmour.scene7.com/is/image/Underarmour/V5-1386980-625_FC?rp=standard-0pad%7Cpdp&qlt=85&bgc=f0f0f0&wid=800&hei=1000&op_usm=1.75%2C0.3%2C2%2C0 ; https://underarmour.scene7.com/is/image/Underarmour/V5-1386980-111_FC?rp=standard-0pad%7CcartFullDesktop&qlt=85&bgc=f0f0f0&wid=400&hei=500&op_usm=1.75%2C0.3%2C2%2C0 ; https://underarmour.scene7.com/is/image/Underarmour/V5-1386980-026_FC?rp=standard-0pad%7CcartFullDesktop&qlt=85&bgc=f0f0f0&wid=400&hei=500&op_usm=1.75%2C0.3%2C2%2C0 ; https://underarmour.scene7.com/is/image/Underarmour/V5-1386980-001_FC?rp=standard-0pad%7CcartFullDesktop&qlt=85&bgc=f0f0f0&wid=400&hei=500&op_usm=1.75%2C0.3%2C2%2C0;;;;;;;;;;;;
1386981,POLY,Homme,PANTALON,UNDER ARMOUR,PRINTEMPS 25,,,,,0,0,Oui,5,https://underarmour.scene7.com/is/image/Underarmour/V5-1386981-025_FC?rp=standard-0pad%7Cpdp&qlt=85&bgc=f0f0f0&wid=800&hei=1000&op_usm=1.75%2C0.3%2C2%2C0 ; https://images.essentialapparel.com/10449/73366_1.jpg ; https://underarmour.scene7.com/is/image/Underarmour/V5-1386981-025_SIDEDET?rp=standard-0pad%7Cpdp&qlt=85&bgc=f0f0f0&wid=800&hei=1000&op_usm=1.75%2C0.3%2C2%2C0 ; https://underarmour.scene7.com/is/image/Underarmour/V5-1386981-025_FSF?rp=standard-0pad%7Cpdp&qlt=85&bgc=f0f0f0&wid=800&hei=1000&op_usm=1.75%2C0.3%2C2%2C0 ; https://underarmour.scene7.com/is/image/Underarmour/V5-1386981-025_BC?rp=standard-0pad%7CcartFullDesktop&qlt=85&bgc=f0f0f0&wid=400&hei=500&op_usm=1.75%2C0.3%2C2%2C0;;;;;;;;;;;;
1386999,COTON,Homme,CHEMISE M.L.,UNDER ARMOUR,AUTOMNE 25,,,,,0,0,Oui,5,https://underarmour.scene7.com/is/image/Underarmour/V5-1386999-001_FC?rp=standard-0pad%7Cpdp&qlt=85&bgc=f0f0f0&wid=800&hei=1000&op_usm=1.75%2C0.3%2C2%2C0 ; https://i.ebayimg.com/images/g/bgsAAOSwo2dnYcbX/s-l500.jpg ; https://underarmour.scene7.com/is/image/Underarmour/V5-1386999-001_CHDET?rp=standard-0pad%7Cpdp&qlt=85&bgc=f0f0f0&wid=800&hei=1000&op_usm=1.75%2C0.3%2C2%2C0 ; https://underarmour.scene7.com/is/image/Underarmour/V5-6014166-100_FC?rp=standard-0pad%7Cpdp&qlt=85&bgc=f0f0f0&wid=800&hei=1000&op_usm=1.75%2C0.3%2C2%2C0 ; https://cdn11.bigcommerce.com/s-kmz38nf1z1/images/stencil/original/products/33860/74626/s7.PS6010899-001_HF__76460.1780010450.jpg?c=1;;;;;;;;;;;;
"1387030,POLY,Homme,MANTEAU,UNDER ARMOUR,AUTOMNE 25,,,,,0,0,Oui,5,""https://workingperson.com/media/catalog/product/v/5/v5-1387030-044_fcedit.jpg?optimize=medium&bg-color=255,255,255&fit=bounds&height=&width= "; https://image.reversible.com/offer_thumbnail/7252d6e2b68a49529526bf91bb0a126a8528c941815f7e92bbbcc7b7458177a2 ; https://www.hrlash.com/cdn/shop/files/V5-1387030-403_BC.avif?v=1775743710&width=1946 ; https://www.hrlash.com/cdn/shop/files/V5-1387030-403_INRPKT.avif?v=1775743715&width=1946 ;" https://i.ebayimg.com/images/g/oTYAAOSwRrBnYd20/s-l500.jpg""";;;;;;;;;;;;
1387036,COL ROND COTON,Garçon,CHANDAIL M.C.,UNDER ARMOUR,AUTOMNE 25,,,,,0,0,Oui,5,https://underarmour.scene7.com/is/image/Underarmour/PS1387036-392_HF?rp=standard-0pad%7CcartFullDesktop&qlt=85&bgc=f0f0f0&wid=400&hei=500&op_usm=1.75%2C0.3%2C2%2C0 ; https://slimages.macysassets.com/is/image/MCY/products/4/optimized/34619524_fpx.tif ; https://underarmour.scene7.com/is/image/Underarmour/V5-6016227-001_FC?rp=standard-0pad%7Cpdp&qlt=85&bgc=f0f0f0&wid=800&hei=1000&op_usm=1.75%2C0.3%2C2%2C0 ; https://cdn11.bigcommerce.com/s-a0f6sfml69/images/stencil/1280x1280/products/11021/1371382/1328703-parent__67278.1776275937.jpg?c=1 ; https://academy.scene7.com/is/image/academy/20726268?$pdp-mobile-gallery-ng$;;;;;;;;;;;;
1387057,BAS,Unisexe,ACCESSOIRE,UNDER ARMOUR,AUTOMNE 25,,,,,0,0,Oui,5,https://underarmour.scene7.com/is/image/Underarmour/1387057-448_PACK_SL?rp=standard-0pad%7CcartFullDesktop&qlt=85&bgc=f0f0f0&wid=400&hei=500&op_usm=1.75%2C0.3%2C2%2C0 ; https://underarmour.scene7.com/is/image/Underarmour/1387057-001_PACK_SL?rp=standard-0pad%7CcartFullDesktop&qlt=85&bgc=f0f0f0&wid=400&hei=500&op_usm=1.75%2C0.3%2C2%2C0 ; https://underarmour.scene7.com/is/image/Underarmour/1387057-100_SLF_SL?rp=standard-0pad%7Cpdp&qlt=85&bgc=f0f0f0&wid=800&hei=1000&op_usm=1.75%2C0.3%2C2%2C0 ; https://underarmour.scene7.com/is/image/Underarmour/1387057-002_PACK_SL?rp=standard-0pad%7CcartFullDesktop&qlt=85&bgc=f0f0f0&wid=400&hei=500&op_usm=1.75%2C0.3%2C2%2C0 ; https://underarmour.scene7.com/is/image/Underarmour/1387057-100_PACK_SL?rp=standard-0pad%7CcartFullDesktop&qlt=85&bgc=f0f0f0&wid=400&hei=500&op_usm=1.75%2C0.3%2C2%2C0;;;;;;;;;;;;
1387060,BAS,Unisexe,ACCESSOIRE,UNDER ARMOUR,AUTOMNE 25,,,,,0,0,Oui,5,https://underarmour.scene7.com/is/image/Underarmour/1387060-603_PACK_SL?rp=standard-0pad%7CcartFullDesktop&qlt=85&bgc=f0f0f0&wid=400&hei=500&op_usm=1.75%2C0.3%2C2%2C0 ; https://underarmour.scene7.com/is/image/Underarmour/1387060-107_PACK_SL?rp=standard-0pad%7Cpdp&qlt=85&bgc=f0f0f0&wid=800&hei=1000&op_usm=1.75%2C0.3%2C2%2C0 ; https://underarmour.scene7.com/is/image/Underarmour/1387060-107_SLF_SL?rp=standard-0pad%7Cpdp&qlt=85&bgc=f0f0f0&wid=800&hei=1000&op_usm=1.75%2C0.3%2C2%2C0 ; https://underarmour.scene7.com/is/image/Underarmour/1387060-601_PACK_SL?rp=standard-0pad%7CcartFullDesktop&qlt=85&bgc=f0f0f0&wid=400&hei=500&op_usm=1.75%2C0.3%2C2%2C0 ; https://underarmour.scene7.com/is/image/Underarmour/1387060-014_PACK_SL?rp=standard-0pad%7CcartFullDesktop&qlt=85&bgc=f0f0f0&wid=400&hei=500&op_usm=1.75%2C0.3%2C2%2C0;;;;;;;;;;;;
1387348,POLY,Garçon,SHORT,UNDER ARMOUR,AUTOMNE 25,,,,,0,0,Oui,5,https://underarmour.scene7.com/is/image/Underarmour/PS1387348-001_HF?rp=standard-0pad%7CcartFullDesktop&qlt=85&bgc=f0f0f0&wid=400&hei=500&op_usm=1.75%2C0.3%2C2%2C0 ; https://underarmour.scene7.com/is/image/Underarmour/PS1387348-326_HF?rp=standard-0pad%7CcartFullDesktop&qlt=85&bgc=f0f0f0&wid=400&hei=500&op_usm=1.75%2C0.3%2C2%2C0 ; https://underarmour.scene7.com/is/image/Underarmour/PS1387348-312_HF?rp=standard-0pad%7Cpdp&qlt=85&bgc=f0f0f0&wid=800&hei=1000&op_usm=1.75%2C0.3%2C2%2C0 ; https://underarmour.scene7.com/is/image/Underarmour/PS1387348-390_HF?rp=standard-0pad%7CcartFullDesktop&qlt=85&bgc=f0f0f0&wid=400&hei=500&op_usm=1.75%2C0.3%2C2%2C0 ; https://underarmour.scene7.com/is/image/Underarmour/PS1387348-481_HF?rp=standard-0pad%7CcartFullDesktop&qlt=85&bgc=f0f0f0&wid=400&hei=500&op_usm=1.75%2C0.3%2C2%2C0;;;;;;;;;;;;
1388643,COL ROND POLY,Femme,CHANDAIL M.L.,UNDER ARMOUR,PRINTEMPS 25,,,,,0,0,Oui,5,https://belk.scene7.com/is/image/Belk?layer=0&src=1803819_1386463_A_659&%24=&wid=828&fit=wrap ; https://underarmour.scene7.com/is/image/Underarmour/V5-1386463-001_FC?rp=standard-0pad%7Cpdp&qlt=85&bgc=f0f0f0&wid=800&hei=1000&op_usm=1.75%2C0.3%2C2%2C0 ; http://www.bushkeller.com/cdn/shop/products/Untitleddesign-2022-01-04T120015.686_800x.png?v=1641316205 ; http://www.bushkeller.com/cdn/shop/products/Untitleddesign-2022-01-04T115857.789_800x.png?v=1641316206 ; https://i0.wp.com/www.baltimoresun.com/wp-content/uploads/2024/10/TBS-H-CITY-POLY-APPAREL.jpg?fit=620%2C9999px&ssl=1;;;;;;;;;;;;
1389158,COL ROND COTON,Femme,CHANDAIL M.C.,UNDER ARMOUR,AUTOMNE 25,,,,,0,0,Oui,5,https://underarmour.scene7.com/is/image/Underarmour/PS1379475-001_HF?rp=standard-0pad%7Cpdp&qlt=85&bgc=f0f0f0&wid=800&hei=1000&op_usm=1.75%2C0.3%2C2%2C0 ; https://media.kohlsimg.com/is/image/kohls/8036407?wid=400&hei=400&op_sharpen=1 ; https://academy.scene7.com/is/image/academy/21626989?$pdp-mobile-gallery-ng$ ; https://underarmour.scene7.com/is/image/Underarmour/V5-1379475-001_FC?rp=standard-0pad%7CcartFullDesktop&qlt=85&bgc=f0f0f0&wid=400&hei=500&op_usm=1.75%2C0.3%2C2%2C0 ; https://bluecollarmercantile.com/cdn/shop/products/UnderArmour-1373865-683-mid-padless-sports-bra-pink-small-front_600x.webp?v=1755019116;;;;;;;;;;;;
1389171,POLY,Garçon,SHORT,UNDER ARMOUR,AUTOMNE 25,,,,,0,0,Oui,5,https://underarmour.scene7.com/is/image/Underarmour/V5-1389171-001_FC?rp=standard-0pad%7Cpdp&qlt=85&bgc=f0f0f0&wid=800&hei=1000&op_usm=1.75%2C0.3%2C2%2C0 ; https://underarmour.scene7.com/is/image/Underarmour/V5-1389171-402_FC?rp=standard-0pad%7CcartFullDesktop&qlt=85&bgc=f0f0f0&wid=400&hei=500&op_usm=1.75%2C0.3%2C2%2C0 ; https://underarmour.scene7.com/is/image/Underarmour/PS1389171-001_HF?rp=standard-0pad%7Cpdp&qlt=85&bgc=f0f0f0&wid=800&hei=1000&op_usm=1.75%2C0.3%2C2%2C0 ; https://underarmour.scene7.com/is/image/Underarmour/V5-1389171-011_FC?rp=standard-0pad%7CcartFullDesktop&qlt=85&bgc=f0f0f0&wid=400&hei=500&op_usm=1.75%2C0.3%2C2%2C0 ; https://underarmour.scene7.com/is/image/Underarmour/V5-1389171-001_FSF?rp=standard-0pad%7Cpdp&qlt=85&bgc=f0f0f0&wid=800&hei=1000&op_usm=1.75%2C0.3%2C2%2C0;;;;;;;;;;;;
1389281,COL ROND POLY,Fille,CHANDAIL M.L.,UNDER ARMOUR,AUTOMNE 25,,,,,0,0,Non,0,;;;;;;;;;;;;;;;;
1389282,COL ROND POLY,Femme,CHANDAIL M.L.,UNDER ARMOUR,AUTOMNE 25,,,,,0,0,Non,0,;;;;;;;;;;;;;;;;
1389631,NYLON,Femme,MANTEAU,UNDER ARMOUR,AUTOMNE 25,,,,,0,0,Oui,5,https://underarmour.scene7.com/is/image/Underarmour/V5-1389631-001_FC?rp=standard-0pad%7CcartFullDesktop&qlt=85&bgc=f0f0f0&wid=400&hei=500&op_usm=1.75%2C0.3%2C2%2C0 ; https://underarmour.scene7.com/is/image/Underarmour/V5-1389631-919_LOGO?rp=standard-0pad%7Cpdp&qlt=85&bgc=f0f0f0&wid=800&hei=1000&op_usm=1.75%2C0.3%2C2%2C0 ; https://underarmour.scene7.com/is/image/Underarmour/V5-1389631-498_FC?rp=standard-0pad%7CcartFullDesktop&qlt=85&bgc=f0f0f0&wid=400&hei=500&op_usm=1.75%2C0.3%2C2%2C0 ; https://underarmour.scene7.com/is/image/Underarmour/V5-1389631-709_FC?rp=standard-0pad%7CcartFullDesktop&qlt=85&bgc=f0f0f0&wid=400&hei=500&op_usm=1.75%2C0.3%2C2%2C0 ; https://underarmour.scene7.com/is/image/Underarmour/V5-1389631-919_BC?rp=standard-0pad%7CcartFullDesktop&qlt=85&bgc=f0f0f0&wid=400&hei=500&op_usm=1.75%2C0.3%2C2%2C0;;;;;;;;;;;;
1389718,POLY,Femme,CAMISOLE,UNDER ARMOUR,PRINTEMPS 25,,,,,0,0,Oui,5,https://underarmour.scene7.com/is/image/Underarmour/V5-1389851-100_FC?rp=standard-0pad%7Cpdp&qlt=85&bgc=f0f0f0&wid=800&hei=1000&op_usm=1.75%2C0.3%2C2%2C0 ; https://dimg.dillards.com/is/image/DillardsZoom/nav2/under-armour-solid-knit-scoop-neck-sleeveless-fitted-motion-tank-top/00000000_zi_84f011cc-13df-4d44-9217-4a44bd290b04.jpg ; https://m.media-amazon.com/images/I/612zBKD8+FL._AC_UY1000_.jpg ; https://underarmour.scene7.com/is/image/Underarmour/V5-1389851-100_BC?rp=standard-0pad%7Cpdp&qlt=85&bgc=f0f0f0&wid=800&hei=1000&op_usm=1.75%2C0.3%2C2%2C0 ; https://www.e-tennis.com/media/catalog/product/cache/9f6a0f2a2b1968473f9efdabe1103d96/u/n/under_armour_womens_tank_top1.webp;;;;;;;;;;;;
1389721,COL ROND COTON,Femme,CHANDAIL M.C.,UNDER ARMOUR,PRINTEMPS 25,,,,,0,0,Oui,5,https://underarmour.scene7.com/is/image/Underarmour/PS1379475-001_HF?rp=standard-0pad%7Cpdp&qlt=85&bgc=f0f0f0&wid=800&hei=1000&op_usm=1.75%2C0.3%2C2%2C0 ; https://underarmour.scene7.com/is/image/Underarmour/V5-1387235-587_FC?rp=standard-0pad%7Cpdp&qlt=85&bgc=f0f0f0&wid=800&hei=1000&op_usm=1.75%2C0.3%2C2%2C0 ; https://media.finishline.com/i/finishline/6017364_299_M1?bg=rgb%28237%2C237%2C237%29&fmt=auto&w=1600&h=1600 ; https://underarmour.scene7.com/is/image/Underarmour/V5-1379475-001_FC?rp=standard-0pad%7CcartFullDesktop&qlt=85&bgc=f0f0f0&wid=400&hei=500&op_usm=1.75%2C0.3%2C2%2C0 ; https://i0.wp.com/storage.googleapis.com/megaphone-public/roserock/under-armour-womens-polo-shirt-grey-front-691bfc730ba01.jpg?fit=2000%2C2000&ssl=1;;;;;;;;;;;;
1389755,COL ROND COTON,Fille,CHANDAIL M.C.,UNDER ARMOUR,AUTOMNE 25,,,,,0,0,Oui,5,https://m.media-amazon.com/images/I/31kzyFpDH9L.jpg ; https://underarmour.scene7.com/is/image/Underarmour/V5-1379475-001_FC?rp=standard-0pad%7Cpdp&qlt=85&bgc=f0f0f0&wid=800&hei=1000&op_usm=1.75%2C0.3%2C2%2C0 ; https://i5.walmartimages.com/seo/Under-Armour-Girls-ArmourFleece-Iridescent-Big-Logo-Hoodie-014-Halo-Gray-Medium-Heather-Iridescent-Youth-Small_b9141298-1a53-4be1-b024-1cbc5b7d0162.57001f3b58826dc4d33b6c92ead66390.png?odnHeight=612&odnWidth=612&odnBg=FFFFFF ; https://underarmour.scene7.com/is/image/Underarmour/PS1379475-001_HF?rp=standard-0pad%7Cpdp&qlt=85&bgc=f0f0f0&wid=800&hei=1000&op_usm=1.75%2C0.3%2C2%2C0 ; https://underarmour.scene7.com/is/image/Underarmour/PS1386536-652_HF?rp=standard-0pad%7Cpdp&qlt=85&bgc=f0f0f0&wid=800&hei=1000&op_usm=1.75%2C0.3%2C2%2C0;;;;;;;;;;;;
1382795,POLY,Homme,CAMISOLE,UNDER ARMOUR,PRINTEMPS 2026,S; M; L; XL; XXL,ROUGE; BLEU; GRIS; NOIR,30,30,8,18,Oui,5,https://underarmour.scene7.com/is/image/Underarmour/V5-1382795-001_FC?rp=standard-0pad%7Cpdp&qlt=85&bgc=f0f0f0&wid=800&hei=1000&op_usm=1.75%2C0.3%2C2%2C0 ; https://cdn11.bigcommerce.com/s-a0f6sfml69/images/stencil/1280x1280/products/11082/1371867/s7.v5-1382795-406_fc__41331.1719246063.jpg?c=1 ; https://cdn11.bigcommerce.com/s-a0f6sfml69/images/stencil/1280x1280/products/11082/1371864/1382795-parent__05513.1719246062.jpg?c=1 ; https://underarmour.scene7.com/is/image/Underarmour/PS1382795-001_HB?rp=standard-0pad%7Cpdp&qlt=85&bgc=f0f0f0&wid=800&hei=1000&op_usm=1.75%2C0.3%2C2%2C0 ; https://cdn11.bigcommerce.com/s-a0f6sfml69/images/stencil/1280x1280/products/11082/1371866/s7.v5-1382795-100_fc__99005.1719246063.jpg?c=1;;;;;
1386250,BAS,Femme,ACCESSOIRE,UNDER ARMOUR,AUTOMNE 25,,,,,0,0,Oui,5,https://underarmour.scene7.com/is/image/Underarmour/1386250-002_PACK_SL?rp=standard-0pad%7CcartFullDesktop&qlt=85&bgc=f0f0f0&wid=400&hei=500&op_usm=1.75%2C0.3%2C2%2C0 ; https://underarmour.scene7.com/is/image/Underarmour/1386250-002_SLF_SL?rp=standard-0pad%7Cpdp&qlt=85&bgc=f0f0f0&wid=800&hei=1000&op_usm=1.75%2C0.3%2C2%2C0 ; https://underarmour.scene7.com/is/image/Underarmour/1386250-002_SLB_SL?rp=standard-0pad%7Cpdp&qlt=85&bgc=f0f0f0&wid=800&hei=1000&op_usm=1.75%2C0.3%2C2%2C0 ; http://underarmour.com.ph/cdn/shop/files/1386250-009-3.jpg?v=1751600745 ; https://i.ebayimg.com/images/g/FdsAAOSwxjxoLwgx/s-l500.jpg;;;;;;;;;;;;
"1386243,BAS COURT,Unisexe,ACCESSOIRE,UNDER ARMOUR,PRINTEMPS 25,,,,,0,0,Oui,5,""https://m.media-amazon.com/images/I/51yEdFkjhQL._AC_UF1000,1000_QL80_.jpg "; https://d3d71ba2asa5oz.cloudfront.net/12024209/images/s7.1386243-011_pack_sl.jpg ; https://m.media-amazon.com/images/I/512IaIPobFL.jpg ; https://underarmour.scene7.com/is/image/Underarmour/1386243-003_PACK_SL?rp=standard-0pad%7Cpdp&qlt=85&bgc=f0f0f0&wid=800&hei=1000&op_usm=1.75%2C0.3%2C2%2C0 ;" https://m.media-amazon.com/images/I/71JPwal2LcL.jpg""";;;;;;;;;;;;
1386242,BAS,Unisexe,ACCESSOIRE,UNDER ARMOUR,PRINTEMPS 25,,,,,0,0,Non,0,;;;;;;;;;;;;;;;;
1384675,SAC,Femme,ACCESSOIRE,UNDER ARMOUR,AUTOMNE 25,,,,,0,0,Oui,5,https://underarmour.scene7.com/is/image/Underarmour/1384675-001_SLB_SL?rp=standard-0pad%7Cpdp&qlt=85&bgc=f0f0f0&wid=800&hei=1000&op_usm=1.75%2C0.3%2C2%2C0 ; https://underarmour.scene7.com/is/image/Underarmour/1384675-001_FPKT_SL?rp=standard-0pad%7Cpdp&qlt=85&bgc=f0f0f0&wid=800&hei=1000&op_usm=1.75%2C0.3%2C2%2C0 ; https://underarmour.scene7.com/is/image/Underarmour/V5-1384675-001_FC?rp=standard-0pad%7Cpdp&qlt=85&bgc=f0f0f0&wid=800&hei=1000&op_usm=1.75%2C0.3%2C2%2C0 ; https://underarmour.scene7.com/is/image/Underarmour/1384675-673_SLF_SL?rp=standard-0pad%7CcartFullDesktop&qlt=85&bgc=f0f0f0&wid=400&hei=500&op_usm=1.75%2C0.3%2C2%2C0 ; https://underarmour.scene7.com/is/image/Underarmour/1384675-001_STRCLP_SL?rp=standard-0pad%7Cpdp&qlt=85&bgc=f0f0f0&wid=800&hei=1000&op_usm=1.75%2C0.3%2C2%2C0;;;;;;;;;;;;
1384641,POLY,Homme,MANTEAU,UNDER ARMOUR,AUTOMNE 25,,,,,0,0,Oui,5,https://underarmour.scene7.com/is/image/Underarmour/V5-1384641-001_FC?rp=standard-0pad%7Cpdp&qlt=85&bgc=f0f0f0&wid=800&hei=1000&op_usm=1.75%2C0.3%2C2%2C0 ; https://underarmour.scene7.com/is/image/Underarmour/V5-1384641-001_BC?rp=standard-0pad%7Cpdp&qlt=85&bgc=f0f0f0&wid=800&hei=1000&op_usm=1.75%2C0.3%2C2%2C0 ; https://underarmour.scene7.com/is/image/Underarmour/V5-1384641-001_COLLAR?rp=standard-0pad%7Cpdp&qlt=85&bgc=f0f0f0&wid=800&hei=1000&op_usm=1.75%2C0.3%2C2%2C0 ; https://underarmour.scene7.com/is/image/Underarmour/V5-1384641-001_FSF?rp=standard-0pad%7Cpdp&qlt=85&bgc=f0f0f0&wid=800&hei=1000&op_usm=1.75%2C0.3%2C2%2C0 ; https://underarmour.scene7.com/is/image/Underarmour/PS1384641-001_HF?rp=standard-0pad%7Cpdp&qlt=85&bgc=f0f0f0&wid=800&hei=1000&op_usm=1.75%2C0.3%2C2%2C0;;;;;;;;;;;;
1384417,SOUTIEN-GEORGE,Femme,ACCESSOIRE,UNDER ARMOUR,PRINTEMPS 2026,,,,,0,0,Oui,5,https://underarmour.scene7.com/is/image/Underarmour/V5-1384417-100_FC?rp=standard-0pad%7Cpdp&qlt=85&bgc=f0f0f0&wid=800&hei=1000&op_usm=1.75%2C0.3%2C2%2C0 ; https://underarmour.scene7.com/is/image/Underarmour/V5-1384417-467_FC?rp=standard-0pad%7CcartFullDesktop&qlt=85&bgc=f0f0f0&wid=400&hei=500&op_usm=1.75%2C0.3%2C2%2C0 ; https://underarmour.scene7.com/is/image/Underarmour/PS1384417-100_HF?rp=standard-0pad%7Cpdp&qlt=85&bgc=f0f0f0&wid=800&hei=1000&op_usm=1.75%2C0.3%2C2%2C0 ; https://underarmour.scene7.com/is/image/Underarmour/V5-1384417-622_FC?rp=standard-0pad%7CcartFullDesktop&qlt=85&bgc=f0f0f0&wid=400&hei=500&op_usm=1.75%2C0.3%2C2%2C0 ; https://underarmour.scene7.com/is/image/Underarmour/V5-1384417-100_FC_LG?rp=standard-0pad%7Cpdp&qlt=85&bgc=f0f0f0&wid=800&hei=1000&op_usm=1.75%2C0.3%2C2%2C0;;;;;;;;;;;;
1384231,COL ROND POLY,Femme,CHANDAIL M.C.,UNDER ARMOUR,PRINTEMPS 2026,,,,,0,0,Oui,5,https://underarmour.scene7.com/is/image/Underarmour/V5-1384231-100_FC?rp=standard-0pad%7Cpdp&qlt=85&bgc=f0f0f0&wid=800&hei=1000&op_usm=1.75%2C0.3%2C2%2C0 ; https://underarmour.scene7.com/is/image/Underarmour/V5-1384231-100_LOGO?rp=standard-0pad%7Cpdp&qlt=85&bgc=f0f0f0&wid=800&hei=1000&op_usm=1.75%2C0.3%2C2%2C0 ; https://www.cosmossport.cy/3061204-product_large/under-armour-tech-ssc-solid.jpg ; https://i0.wp.com/www.baltimoresun.com/wp-content/uploads/2024/10/TBS-H-CITY-POLY-APPAREL.jpg?fit=620%2C9999px&ssl=1 ; https://static.platform.michaels.com/2c-prd/en_US/15605956068560.jpg;;;;;;;;;;;;
1384230,COL V POLY,Femme,CHANDAIL M.C.,UNDER ARMOUR,PRINTEMPS 2026,,,,,0,0,Oui,5,https://underarmour.scene7.com/is/image/Underarmour/V5-1384230-538_FC?rp=standard-0pad%7CcartFullDesktop&qlt=85&bgc=f0f0f0&wid=400&hei=500&op_usm=1.75%2C0.3%2C2%2C0 ; https://tenniszon.com/cdn/shop/files/1384230-001-A.webp ; https://tenniszon.com/cdn/shop/files/1384230-494-A.webp?v=1747331027&width=1920 ; https://underarmour.scene7.com/is/image/Underarmour/V5-1384230-001_FC?rp=standard-0pad%7CcartFullDesktop&qlt=85&bgc=f0f0f0&wid=400&hei=500&op_usm=1.75%2C0.3%2C2%2C0 ; https://underarmour.scene7.com/is/image/Underarmour/V5-1384230-312_CHDET?rp=standard-0pad%7Cpdp&qlt=85&bgc=f0f0f0&wid=800&hei=1000&op_usm=1.75%2C0.3%2C2%2C0;;;;;;;;;;;;
1384229,COL V POLY,Femme,CHANDAIL M.C.,UNDER ARMOUR,PRINTEMPS 25,,,,,0,0,Oui,5,https://underarmour.scene7.com/is/image/Underarmour/V5-1384229-100_FC?rp=standard-0pad%7Cpdp&qlt=85&bgc=f0f0f0&wid=800&hei=1000&op_usm=1.75%2C0.3%2C2%2C0 ; https://underarmour.scene7.com/is/image/Underarmour/V5-1384229-637_FC?rp=standard-0pad%7CcartFullDesktop&qlt=85&bgc=f0f0f0&wid=400&hei=500&op_usm=1.75%2C0.3%2C2%2C0 ; https://underarmour.scene7.com/is/image/Underarmour/PS1384229-100_HF?rp=standard-0pad%7Cpdp&qlt=85&bgc=f0f0f0&wid=800&hei=1000&op_usm=1.75%2C0.3%2C2%2C0 ; https://underarmour.scene7.com/is/image/Underarmour/V5-1384229-430_FC?qlt=85&bgc=F0F0F0&wid=150&hei=150&resmode=sharp2 ; https://underarmour.scene7.com/is/image/Underarmour/V5-1384229-100_LOGO?rp=standard-0pad%7Cpdp&qlt=85&bgc=f0f0f0&wid=800&hei=1000&op_usm=1.75%2C0.3%2C2%2C0;;;;;;;;;;;;
1384227,COL V POLY,Femme,CHANDAIL M.C.,UNDER ARMOUR,PRINTEMPS 2026,XS; S; M; L,BLEU; ROSE; SAUMON; GRIS; VERT,30,30,14,17,Oui,5,https://underarmour.scene7.com/is/image/Underarmour/V5-1384227-001_FC?rp=standard-0pad%7CcartFullDesktop&qlt=85&bgc=f0f0f0&wid=400&hei=500&op_usm=1.75%2C0.3%2C2%2C0 ; https://underarmour.scene7.com/is/image/Underarmour/V5-1384227-014_FC?rp=standard-0pad%7CcartFullDesktop&qlt=85&bgc=f0f0f0&wid=400&hei=500&op_usm=1.75%2C0.3%2C2%2C0 ; https://tenniszon.com/cdn/shop/files/1384227-338-A.webp?v=1782246369&width=533 ; https://underarmour.scene7.com/is/image/Underarmour/V5-1384227-672_FC?rp=standard-0pad%7CcartFullDesktop&qlt=85&bgc=f0f0f0&wid=400&hei=500&op_usm=1.75%2C0.3%2C2%2C0 ; https://underarmour.scene7.com/is/image/Underarmour/V5-1384227-034_FC?rp=standard-0pad%7CcartFullDesktop&qlt=85&bgc=f0f0f0&wid=400&hei=500&op_usm=1.75%2C0.3%2C2%2C0;;;;;
1384225,DEMI ZIP POLY,Femme,CHANDAIL M.L.,UNDER ARMOUR,PRINTEMPS 2026,XS; S; M; L; XL,BLEU; ROSE,50,50,16,10,Oui,5,https://underarmour.scene7.com/is/image/Underarmour/V5-1384225-001_FC?rp=standard-0pad%7CcartFullDesktop&qlt=85&bgc=f0f0f0&wid=400&hei=500&op_usm=1.75%2C0.3%2C2%2C0 ; https://underarmour.scene7.com/is/image/Underarmour/PS1384225-410_HF?rp=standard-0pad%7Cpdp&qlt=85&bgc=f0f0f0&wid=800&hei=1000&op_usm=1.75%2C0.3%2C2%2C0 ; https://underarmour.scene7.com/is/image/Underarmour/V5-1384225-481_FC?rp=standard-0pad%7CcartFullDesktop&qlt=85&bgc=f0f0f0&wid=400&hei=500&op_usm=1.75%2C0.3%2C2%2C0 ; https://underarmour.scene7.com/is/image/Underarmour/V5-1384225-637_FC?rp=standard-0pad%7CcartFullDesktop&qlt=85&bgc=f0f0f0&wid=400&hei=500&op_usm=1.75%2C0.3%2C2%2C0 ; https://underarmour.scene7.com/is/image/Underarmour/V5-1384225-919_FC?rp=standard-0pad%7CcartFullDesktop&qlt=85&bgc=f0f0f0&wid=400&hei=500&op_usm=1.75%2C0.3%2C2%2C0;;;;;;;
1384118,SOUTIEN-GEORGE,Femme,ACCESSOIRE,UNDER ARMOUR,PRINTEMPS 25,S; M;" L,NOIR,80,80,5,5,Oui,5,""https://i1.t4s.cz/products/1384118-002/under-armour-ua-infinity-high-zip-2-0-bra-796973-1384118-002-960.webp "; https://i1.t4s.cz/products/1384118-002/under-armour-ua-infinity-high-zip-2-0-bra-796973-1384118-003-960.webp ; https://img.sport2000.fr/H13Ce0wTIrQHHK4aRPrIKmAJiQtm75pL5YTgyhyaRyE/resize:fit:550:550/aHR0cDovL3BsYWlu/ZS1kYXRhLm1lemNh/bGl0by5uZXQvMTM4/NDExOC0wMDItc3Bv/cnQyMDAwL3dlYi0x/Mzg0MTE4LTAwMi0w/My5qcGc.webp ; https://m.media-amazon.com/images/I/51MW5BpDgiL._AC_SX425_.jpg ;" https://underarmour.scene7.com/is/image/Underarmour/V5-1384118-002_SIDEDET?rp=standard-0pad|pdp&qlt=85&bgc=f0f0f0&wid=800&hei=1000&op_usm=1.75,0.3,2,0""";;;;;;;;;;
1384112,SOUTIEN-GEORGE,Femme,ACCESSOIRE,UNDER ARMOUR,PRINTEMPS 25,S; M; L,BLANC,70,70,3,5,Oui,5,https://underarmour.scene7.com/is/image/Underarmour/V5-1384112-600_FC?rp=standard-0pad%7CcartFullDesktop&qlt=85&bgc=f0f0f0&wid=400&hei=500&op_usm=1.75%2C0.3%2C2%2C0 ; https://underarmour.scene7.com/is/image/Underarmour/V5-1384112-520_FC?rp=standard-0pad%7CcartFullDesktop&qlt=85&bgc=f0f0f0&wid=400&hei=500&op_usm=1.75%2C0.3%2C2%2C0 ; https://underarmour.scene7.com/is/image/Underarmour/V5-1384112-622_FC?rp=standard-0pad%7CcartFullDesktop&qlt=85&bgc=f0f0f0&wid=400&hei=500&op_usm=1.75%2C0.3%2C2%2C0 ; https://underarmour.scene7.com/is/image/Underarmour/V5-1384112-101_FC?rp=standard-0pad%7Cpdp&qlt=85&bgc=f0f0f0&wid=800&hei=1000&op_usm=1.75%2C0.3%2C2%2C0 ; https://underarmour.scene7.com/is/image/Underarmour/V5-1384112-001_FC?rp=standard-0pad%7CcartFullDesktop&qlt=85&bgc=f0f0f0&wid=400&hei=500&op_usm=1.75%2C0.3%2C2%2C0;;;;;;;;;;
1383973,COL ROND POLY,Homme,CHANDAIL M.C.,UNDER ARMOUR,PRINTEMPS 25,S; M; L; XL; XXL,BLEU; GRIS; VERT,55,55,3,12,Oui,5,https://underarmour.scene7.com/is/image/Underarmour/V5-1383973-100_FC?rp=standard-0pad%7Cpdp&qlt=85&bgc=f0f0f0&wid=800&hei=1000&op_usm=1.75%2C0.3%2C2%2C0 ; https://underarmour.scene7.com/is/image/Underarmour/V5-1383973-600_FC?rp=standard-0pad%7CcartFullDesktop&qlt=85&bgc=f0f0f0&wid=400&hei=500&op_usm=1.75%2C0.3%2C2%2C0 ; https://shopcgx.com/cdn/shop/files/1383973-001-1_81bn-dj.jpg?v=1708271917 ; https://underarmour.scene7.com/is/image/Underarmour/V5-1383973-312_FC?rp=standard-0pad%7CcartFullDesktop&qlt=85&bgc=f0f0f0&wid=400&hei=500&op_usm=1.75%2C0.3%2C2%2C0 ; https://underarmour.scene7.com/is/image/Underarmour/V5-1383973-715_FC?rp=standard-0pad%7CcartFullDesktop&qlt=85&bgc=f0f0f0&wid=400&hei=500&op_usm=1.75%2C0.3%2C2%2C0;;;;;;
1383935,CEINTURE,Homme,ACCESSOIRE,UNDER ARMOUR,PRINTEMPS 25,,,30,30,4,1,Oui,5,https://underarmour.scene7.com/is/image/Underarmour/1383935-001_SLF_SL?rp=standard-0pad%7CcartFullDesktop&qlt=85&bgc=f0f0f0&wid=400&hei=500&op_usm=1.75%2C0.3%2C2%2C0 ; https://underarmour.scene7.com/is/image/Underarmour/1383935-100_SLF_SL?rp=standard-0pad%7Cpdp&qlt=85&bgc=f0f0f0&wid=800&hei=1000&op_usm=1.75%2C0.3%2C2%2C0 ; https://underarmour.scene7.com/is/image/Underarmour/1383935-410_SLF_SL?rp=standard-0pad%7CcartFullDesktop&qlt=85&bgc=f0f0f0&wid=400&hei=500&op_usm=1.75%2C0.3%2C2%2C0 ; https://i.ebayimg.com/images/g/XtQAAeSwrL5pjgIa/s-l400.jpg ; https://underarmour.scene7.com/is/image/Underarmour/1383935-025_SLF_SL?qlt=85&bgc=F0F0F0&wid=150&hei=150&resmode=sharp2;;;;;;;;;;;;
1383655,POLY,Femme,CAMISOLE,UNDER ARMOUR,PRINTEMPS 2026,XS; S; M; L,VERT,30,30,5,4,Oui,5,https://underarmour.scene7.com/is/image/Underarmour/V5-1383655-100_FC?rp=standard-0pad%7Cpdp&qlt=85&bgc=f0f0f0&wid=800&hei=1000&op_usm=1.75%2C0.3%2C2%2C0 ; https://underarmour.scene7.com/is/image/Underarmour/V5-1383655-622_FC?rp=standard-0pad%7CcartFullDesktop&qlt=85&bgc=f0f0f0&wid=400&hei=500&op_usm=1.75%2C0.3%2C2%2C0 ; https://underarmour.scene7.com/is/image/Underarmour/PS1383655-100_HF?rp=standard-0pad%7Cpdp&qlt=85&bgc=f0f0f0&wid=800&hei=1000&op_usm=1.75%2C0.3%2C2%2C0 ; https://underarmour.scene7.com/is/image/Underarmour/V5-1383655-100_CHDET?rp=standard-0pad%7Cpdp&qlt=85&bgc=f0f0f0&wid=800&hei=1000&op_usm=1.75%2C0.3%2C2%2C0 ; https://underarmour.scene7.com/is/image/Underarmour/V5-1383655-622_FC?qlt=85&bgc=F0F0F0&wid=150&hei=150&resmode=sharp2;;;;;;;;;
1383648,COL ROND COTON,Femme,CHANDAIL M.C.,UNDER ARMOUR,PRINTEMPS 25,XS; S; M; L; XL,NOIR,35,35,-1,5,Oui,5,https://underarmour.scene7.com/is/image/Underarmour/PS1383648-100_HF?rp=standard-0pad%7Cpdp&qlt=85&bgc=f0f0f0&wid=800&hei=1000&op_usm=1.75%2C0.3%2C2%2C0 ; https://underarmour.scene7.com/is/image/Underarmour/V5-1383648-100_FC?rp=standard-0pad%7Cpdp&qlt=85&bgc=f0f0f0&wid=800&hei=1000&op_usm=1.75%2C0.3%2C2%2C0 ; https://products.blains.com/600/162/1623509.jpg ; https://underarmour.scene7.com/is/image/Underarmour/V5-1383648-622_FC?rp=standard-0pad%7CcartFullDesktop&qlt=85&bgc=f0f0f0&wid=400&hei=500&op_usm=1.75%2C0.3%2C2%2C0 ; https://underarmour.scene7.com/is/image/Underarmour/V5-1383648-100_CHDET?rp=standard-0pad%7Cpdp&qlt=85&bgc=f0f0f0&wid=800&hei=1000&op_usm=1.75%2C0.3%2C2%2C0;;;;;;;;
1383629,POLY,Femme,SHORT,UNDER ARMOUR,AUTOMNE 25,XS; S; M; L,NOIR; VERT;" ROSE,35,35,4,12,Oui,5,""https://www.e-tennis.com/media/catalog/product/cache/9f6a0f2a2b1968473f9efdabe1103d96/v/5/v5-1383629-001_fc-1.webp "; https://www.vsathletics.com/store/images/D/1383629-001b.jpg ; https://www.e-tennis.com/media/catalog/product/cache/9f6a0f2a2b1968473f9efdabe1103d96/v/5/v5-1383629-001_bc.webp ; https://www.e-tennis.com/media/catalog/product/cache/9f6a0f2a2b1968473f9efdabe1103d96/v/5/v5-1383629-001_sidedet.webp ;" https://underarmour.scene7.com/is/image/Underarmour/V5-1383629-001_FSF?rp=standard-0pad|pdp&qlt=85&bgc=f0f0f0&wid=800&hei=1000&op_usm=1.75,0.3,2,0""";;;;;;;
1383559,POLY,Femme,LEGGING,UNDER ARMOUR,PRINTEMPS 25,XS; S; M; L; XL,BLEU; NOIR; KAKI,60,60,21,15,Oui,5,https://www.dtlr.com/cdn/shop/files/1383559-410.jpg?v=1772666178 ; https://sansirosports.com/wp-content/uploads/2024/12/1383559-001_3.png ; https://sansirosports.com/wp-content/uploads/2024/12/1383559-001_2.png ; https://www.dtlr.com/cdn/shop/files/under_20armour_1383559_20blue_W-130.jpg?v=1763147944 ; https://sansirosports.com/wp-content/uploads/2024/12/1383559-001_5.png;;;;;;
1383475,CASQUETTE,Femme,ACCESSOIRE,UNDER ARMOUR,PRINTEMPS 25,,,35,35,2,1,Oui,5,https://underarmour.scene7.com/is/image/Underarmour/1383478-100_SLF_SL?rp=standard-0pad%7Cpdp&qlt=85&bgc=f0f0f0&wid=800&hei=1000&op_usm=1.75%2C0.3%2C2%2C0 ; https://spinsports.ca/cdn/shop/files/Designsanstitre_83_61f30c5c-cf46-4865-8e15-a50221ac8561.png?v=1739741767 ; https://underarmour.scene7.com/is/image/Underarmour/1383438-027_SLF_SL?rp=standard-0pad%7CcartFullDesktop&qlt=85&bgc=f0f0f0&wid=400&hei=500&op_usm=1.75%2C0.3%2C2%2C0 ; https://m.media-amazon.com/images/I/610PZhI6mGL._AC_UY1000_.jpg ; https://underarmour.scene7.com/is/image/Underarmour/1383438-391_SLF_SL?rp=standard-0pad%7Cpdp&qlt=85&bgc=f0f0f0&wid=800&hei=1000&op_usm=1.75%2C0.3%2C2%2C0;;;;;;;;;;;;
1383447,CASQUETTE,Unisexe,ACCESSOIRE,UNDER ARMOUR,AUTOMNE 25,,,30,30,3,1,Oui,5,https://underarmour.scene7.com/is/image/Underarmour/1383447-390_SLF_SL?rp=standard-0pad%7Cpdp&qlt=85&bgc=f0f0f0&wid=800&hei=1000&op_usm=1.75%2C0.3%2C2%2C0 ; https://underarmour.scene7.com/is/image/Underarmour/1383447-001_SLF_SL?rp=standard-0pad%7CcartFullDesktop&qlt=85&bgc=f0f0f0&wid=400&hei=500&op_usm=1.75%2C0.3%2C2%2C0 ; https://underarmour.scene7.com/is/image/Underarmour/V5-1383447-390_FC?rp=standard-0pad%7Cpdp&qlt=85&bgc=f0f0f0&wid=800&hei=1000&op_usm=1.75%2C0.3%2C2%2C0 ; https://underarmour.scene7.com/is/image/Underarmour/1383447-390_SLB_SL?rp=standard-0pad%7Cpdp&qlt=85&bgc=f0f0f0&wid=800&hei=1000&op_usm=1.75%2C0.3%2C2%2C0 ; https://underarmour.com.ph/cdn/shop/files/s7.1383447-205_SLF_SL_2048x.webp?v=1767925137;;;;;;;;;;;;
1383443,CASQUETTE,Homme,ACCESSOIRE,UNDER ARMOUR,PRINTEMPS 25,,,35,35,2,1,Oui,5,https://i.ebayimg.com/images/g/GAoAAOSwn2tmacHt/s-l400.jpg ; https://i.ebayimg.com/00/s/MTE1NFgxNDA0/z/cuIAAOSwDChmacJC/$_57.JPG?set_id=880000500F ; https://i.ebayimg.com/images/g/43sAAOSw04hmacJz/s-l1200.jpg ; https://i.ebayimg.com/images/g/Pt4AAOSwYLVmaaqt/s-l400.jpg ; https://i.ebayimg.com/images/g/t-kAAOSwxp1macJB/s-l400.jpg;;;;;;;;;;;;
1383341,POLY,Garçon,SHORT,UNDER ARMOUR,AUTOMNE 25,XS; S; M; L; XL,BLEU,30,30,8,5,Oui,5,https://underarmour.scene7.com/is/image/Underarmour/PS1383341-410_HS?rp=standard-0pad%7Cpdp&qlt=85&bgc=f0f0f0&wid=800&hei=1000&op_usm=1.75%2C0.3%2C2%2C0 ; https://underarmour.scene7.com/is/image/Underarmour/PS1383341-709_HF?rp=standard-0pad%7CcartFullDesktop&qlt=85&bgc=f0f0f0&wid=400&hei=500&op_usm=1.75%2C0.3%2C2%2C0 ; https://products.blains.com/600/148/1485575.jpg ; https://underarmour.scene7.com/is/image/Underarmour/PS1383341-391_HF?rp=standard-0pad%7CcartFullDesktop&qlt=85&bgc=f0f0f0&wid=400&hei=500&op_usm=1.75%2C0.3%2C2%2C0 ; https://products.blains.com/600/156/1561233-2.jpg;;;;;;;;
1383257,POLY,Fille,SHORT,UNDER ARMOUR,PRINTEMPS 2026,S; M; L,NOIR,30,30,3,3,Oui,5,https://underarmour.scene7.com/is/image/Underarmour/PS1383257-312_HF?rp=standard-0pad%7Cpdp&qlt=85&bgc=f0f0f0&wid=800&hei=1000&op_usm=1.75%2C0.3%2C2%2C0 ; https://underarmour.scene7.com/is/image/Underarmour/PS1383257-870_HF?rp=standard-0pad%7CcartFullDesktop&qlt=85&bgc=f0f0f0&wid=400&hei=500&op_usm=1.75%2C0.3%2C2%2C0 ; https://underarmour.scene7.com/is/image/Underarmour/PS1383257-001_HF?rp=standard-0pad%7CcartFullDesktop&qlt=85&bgc=f0f0f0&wid=400&hei=500&op_usm=1.75%2C0.3%2C2%2C0 ; https://underarmour.scene7.com/is/image/Underarmour/PS1383257-647_HF?rp=standard-0pad%7CcartFullDesktop&qlt=85&bgc=f0f0f0&wid=400&hei=500&op_usm=1.75%2C0.3%2C2%2C0 ; https://underarmour.scene7.com/is/image/Underarmour/PS1383257-430_HF?rp=standard-0pad%7CcartFullDesktop&qlt=85&bgc=f0f0f0&wid=400&hei=500&op_usm=1.75%2C0.3%2C2%2C0;;;;;;;;;;
1383191,COL ROND COTON,Homme,CHANDAIL M.C.,UNDER ARMOUR,PRINTEMPS 2026,S; M; L; XL; XXL; 3XL,BEIGE; NOIR; VERT; JAUNE,40,40,9,22,Oui,5,https://m.media-amazon.com/images/I/31lNhcuTkbL.jpg ; https://dks.scene7.com/is/image/GolfGalaxy/6013946-709_ClayGreenTitaniumAnthract_MODDET_78chyezw?qlt=70&wid=780&hei=780&fmt=pjpeg&op_sharpen=1&fit=constrain ; https://underarmour.scene7.com/is/image/Underarmour/V5-6013471-110_FC?rp=standard-0pad%7Cpdp&qlt=85&bgc=f0f0f0&wid=800&hei=1000&op_usm=1.75%2C0.3%2C2%2C0 ; https://m.media-amazon.com/images/I/41bp4FET2wL.jpg ; https://www.directsports.com/cdn/shop/files/ua1_1200x.jpg?v=1720456398;;;;
1382915,COL ROND POLY,Homme,CHANDAIL M.C.,UNDER ARMOUR,PRINTEMPS 2026,S; M; L; XL; XXL,ROUGE; BLEU; GRIS; BRUN; NOIR; ORANGE; VERT; BORDEAUX,30,30,31,36,Oui,5,https://underarmour.scene7.com/is/image/Underarmour/V5-1382915-001_FC?rp=standard-0pad%7CcartFullDesktop&qlt=85&bgc=f0f0f0&wid=400&hei=500&op_usm=1.75%2C0.3%2C2%2C0 ; https://underarmour.scene7.com/is/image/Underarmour/V5-1382915-100_FC?rp=standard-0pad%7CcartFullDesktop&qlt=85&bgc=f0f0f0&wid=400&hei=500&op_usm=1.75%2C0.3%2C2%2C0 ; https://underarmour.scene7.com/is/image/Underarmour/PS1382915-100_HF?rp=standard-0pad%7Cpdp&qlt=85&bgc=f0f0f0&wid=800&hei=1000&op_usm=1.75%2C0.3%2C2%2C0 ; https://underarmour.scene7.com/is/image/Underarmour/PS1382915-100_HB?rp=standard-0pad%7Cpdp&qlt=85&bgc=f0f0f0&wid=800&hei=1000&op_usm=1.75%2C0.3%2C2%2C0 ; https://underarmour.scene7.com/is/image/Underarmour/V5-1382915-410_FC?rp=standard-0pad%7CcartFullDesktop&qlt=85&bgc=f0f0f0&wid=400&hei=500&op_usm=1.75%2C0.3%2C2%2C0;
1382911,COL ROND POLY,Homme,CHANDAIL M.C.,UNDER ARMOUR,PRINTEMPS 25,S; M; L; XL; XXL,BLEU; VERT,30,30,6,9,Oui,5,https://cdn11.bigcommerce.com/s-a0f6sfml69/images/stencil/1280x1280/products/11076/1371837/s7.ps1382911-408_hf__05724.1711714615.jpg?c=1 ; https://cdn11.bigcommerce.com/s-a0f6sfml69/images/stencil/1280x1280/products/11076/1371832/1382911-parent__20612.1711714614.jpg?c=1 ; https://cdn11.bigcommerce.com/s-a0f6sfml69/images/stencil/1280x1280/products/11076/1371834/s7.ps1382911-001_hb__68927.1711714614.jpg?c=1 ; https://cdn11.bigcommerce.com/s-a0f6sfml69/images/stencil/1280x1280/products/11076/1371835/s7.ps1382911-100_hf__49523.1711714614.jpg?c=1 ; https://mansours.com/cdn/shop/files/V5-1382911-001_FC_566x.jpg?v=1730314666;;;;;;;
1382797,DEMI ZIP POLY,Homme,CHANDAIL M.L.,UNDER ARMOUR,PRINTEMPS 2026,S; M; L; XL; XXL,VERT,55,55,5,5,Non,0,;;;;;;;;;;;;
1382796,COL ROND POLY,Homme,CHANDAIL M.C.,UNDER ARMOUR,PRINTEMPS 25,XS; S; M; L; XL; XXL,GRIS; ORANGE; VERT; JAUNE; BLANC,30,30,5,20,Oui,5,https://underarmour.scene7.com/is/image/Underarmour/V5-1382796-300_FC?rp=standard-0pad%7CcartFullDesktop&qlt=85&bgc=f0f0f0&wid=400&hei=500&op_usm=1.75%2C0.3%2C2%2C0 ; https://tenniszon.com/cdn/shop/files/1382796-452-A.webp?v=1745334255&width=1445 ; https://tenniszon.com/cdn/shop/files/1382796-001-A.webp?v=1710796684&width=1445 ; https://tenniszon.com/cdn/shop/files/1382796-847-A.webp?v=1747330858&width=1946 ; https://underarmour.scene7.com/is/image/Underarmour/V5-1382796-425_FC?rp=standard-0pad%7CcartFullDesktop&qlt=85&bgc=f0f0f0&wid=400&hei=500&op_usm=1.75%2C0.3%2C2%2C0;;;
1379758,COTON,Homme,HOODIE,UNDER ARMOUR,PRINTEMPS 2026,S; M; L; XL; XXL,BLEU; GRIS; BEIGE; ORANGE; MARINE,65,65,9,16,Oui,5,https://underarmour.scene7.com/is/image/Underarmour/V5-1379758-001_FC?rp=standard-0pad%7CcartFullDesktop&qlt=85&bgc=f0f0f0&wid=400&hei=500&op_usm=1.75%2C0.3%2C2%2C0 ; https://underarmour.scene7.com/is/image/Underarmour/PS1379758-390_HF?rp=standard-0pad%7Cpdp&qlt=85&bgc=f0f0f0&wid=800&hei=1000&op_usm=1.75%2C0.3%2C2%2C0 ; https://underarmour.scene7.com/is/image/Underarmour/V5-1379758-625_FC?rp=standard-0pad%7CcartFullDesktop&qlt=85&bgc=f0f0f0&wid=400&hei=500&op_usm=1.75%2C0.3%2C2%2C0 ; http://goodsstores.com/cdn/shop/files/1379758-ua-rival-fleece-logo-hoodie.jpg?v=1784648883 ; https://underarmour.scene7.com/is/image/Underarmour/V5-1379758-410_FC?rp=standard-0pad%7CcartFullDesktop&qlt=85&bgc=f0f0f0&wid=400&hei=500&op_usm=1.75%2C0.3%2C2%2C0;;;;
1382727,POLY,Femme,PANTALON,UNDER ARMOUR,PRINTEMPS 2026,XS; S; M; L; XL,ROSE; MARINE; LILAS,65,65,9,14,Oui,5,https://underarmour.scene7.com/is/image/Underarmour/V5-1382727-001_WSTBND?rp=standard-0pad%7Cpdp&qlt=85&bgc=f0f0f0&wid=800&hei=1000&op_usm=1.75%2C0.3%2C2%2C0 ; https://underarmour.scene7.com/is/image/Underarmour/V5-1382727-520_FC?rp=standard-0pad%7CcartFullDesktop&qlt=85&bgc=f0f0f0&wid=400&hei=500&op_usm=1.75%2C0.3%2C2%2C0 ; https://underarmour.scene7.com/is/image/Underarmour/V5-1382727-001_FC?rp=standard-0pad%7Cpdp&qlt=85&bgc=f0f0f0&wid=800&hei=1000&op_usm=1.75%2C0.3%2C2%2C0 ; https://underarmour.scene7.com/is/image/Underarmour/V5-1382727-001_FSF?rp=standard-0pad%7Cpdp&qlt=85&bgc=f0f0f0&wid=800&hei=1000&op_usm=1.75%2C0.3%2C2%2C0 ; https://underarmour.scene7.com/is/image/Underarmour/V5-1382727-466_FC?rp=standard-0pad%7CcartFullDesktop&qlt=85&bgc=f0f0f0&wid=400&hei=500&op_usm=1.75%2C0.3%2C2%2C0;;;;;;
1382641,POLY,Homme,SHORT,UNDER ARMOUR,PRINTEMPS 2026,S; M; L; XL,GRIS; NOIR,60,60,3,8,Oui,5,https://underarmour.scene7.com/is/image/Underarmour/V5-1382641-390_WSTBND?rp=standard-0pad%7Cpdp&qlt=85&bgc=f0f0f0&wid=800&hei=1000&op_usm=1.75%2C0.3%2C2%2C0 ; https://underarmour.scene7.com/is/image/Underarmour/V5-1382641-001_FC?rp=standard-0pad%7CcartFullDesktop&qlt=85&bgc=f0f0f0&wid=400&hei=500&op_usm=1.75%2C0.3%2C2%2C0 ; https://underarmour.scene7.com/is/image/Underarmour/V5-1382641-390_BC?rp=standard-0pad%7Cpdp&qlt=85&bgc=f0f0f0&wid=800&hei=1000&op_usm=1.75%2C0.3%2C2%2C0 ; https://underarmour.scene7.com/is/image/Underarmour/V5-1382641-390_FC?rp=standard-0pad%7Cpdp&qlt=85&bgc=f0f0f0&wid=800&hei=1000&op_usm=1.75%2C0.3%2C2%2C0 ; https://underarmour.scene7.com/is/image/Underarmour/V5-1382641-390_FSF?rp=standard-0pad%7Cpdp&qlt=85&bgc=f0f0f0&wid=800&hei=1000&op_usm=1.75%2C0.3%2C2%2C0;;;;;;;;
1382611,BAS,Unisexe,ACCESSOIRE,UNDER ARMOUR,PRINTEMPS 2026,S; M; L,NOIR; BLANC; VERT; ROSE; SAUMON,25,25,32,15,Oui,5,https://underarmour.scene7.com/is/image/Underarmour/1382611-001_PACK_SL?rp=standard-0pad%7CcartFullDesktop&qlt=85&bgc=f0f0f0&wid=400&hei=500&op_usm=1.75%2C0.3%2C2%2C0 ; https://underarmour.scene7.com/is/image/Underarmour/1382611-100_PACK_SL?rp=standard-0pad%7Cpdp&qlt=85&bgc=f0f0f0&wid=800&hei=1000&op_usm=1.75%2C0.3%2C2%2C0 ; https://underarmour.scene7.com/is/image/Underarmour/1382611-025_PACK_SL?rp=standard-0pad%7CcartFullDesktop&qlt=85&bgc=f0f0f0&wid=400&hei=500&op_usm=1.75%2C0.3%2C2%2C0 ; https://underarmour.scene7.com/is/image/Underarmour/1382611-239_PACK_SL?rp=standard-0pad%7CcartFullDesktop&qlt=85&bgc=f0f0f0&wid=400&hei=500&op_usm=1.75%2C0.3%2C2%2C0 ; https://images.essentialapparel.com/10358/72702_0.jpg;;;;;;
1382440,POLY,Femme,SHORT,UNDER ARMOUR,PRINTEMPS 2026,XS; S; M; L; XL,NOIR; ORANGE,50,50,9,9,Oui,5,https://underarmour.scene7.com/is/image/Underarmour/V5-1382440-001_FC?rp=standard-0pad%7CcartFullDesktop&qlt=85&bgc=f0f0f0&wid=400&hei=500&op_usm=1.75%2C0.3%2C2%2C0 ; https://underarmour.scene7.com/is/image/Underarmour/V5-1382440-410_BC?rp=standard-0pad%7Cpdp&qlt=85&bgc=f0f0f0&wid=800&hei=1000&op_usm=1.75%2C0.3%2C2%2C0 ; https://underarmour.scene7.com/is/image/Underarmour/V5-1382440-410_SDPKT?rp=standard-0pad%7Cpdp&qlt=85&bgc=f0f0f0&wid=800&hei=1000&op_usm=1.75%2C0.3%2C2%2C0 ; https://underarmour.scene7.com/is/image/Underarmour/V5-1382440-410_FSF?rp=standard-0pad%7Cpdp&qlt=85&bgc=f0f0f0&wid=800&hei=1000&op_usm=1.75%2C0.3%2C2%2C0 ; https://d2j6dbq0eux0bg.cloudfront.net/images/73543526/4389179039.png;;;;;;;
1382438,POLY,Femme,SHORT,UNDER ARMOUR,PRINTEMPS 2026,XS; S; M; L; XL,NOIR; VERT; ROSE; GRIS,35,35,17,17,Oui,5,https://underarmour.scene7.com/is/image/Underarmour/V5-1382438-100_FC?rp=standard-0pad%7Cpdp&qlt=85&bgc=f0f0f0&wid=800&hei=1000&op_usm=1.75%2C0.3%2C2%2C0 ; https://underarmour.scene7.com/is/image/Underarmour/V5-1382438-712_FC?rp=standard-0pad%7CcartFullDesktop&qlt=85&bgc=f0f0f0&wid=400&hei=500&op_usm=1.75%2C0.3%2C2%2C0 ; https://underarmour.scene7.com/is/image/Underarmour/V5-1382438-025_FC?rp=standard-0pad%7CcartFullDesktop&qlt=85&bgc=f0f0f0&wid=400&hei=500&op_usm=1.75%2C0.3%2C2%2C0 ; https://underarmour.scene7.com/is/image/Underarmour/V5-1382438-738_FC?rp=standard-0pad%7CcartFullDesktop&qlt=85&bgc=f0f0f0&wid=400&hei=500&op_usm=1.75%2C0.3%2C2%2C0 ; https://underarmour.scene7.com/is/image/Underarmour/V5-1382438-100_FSF?rp=standard-0pad%7Cpdp&qlt=85&bgc=f0f0f0&wid=800&hei=1000&op_usm=1.75%2C0.3%2C2%2C0;;;;;
1382434,COL ROND POLY,Femme,CHANDAIL M.C.,UNDER ARMOUR,PRINTEMPS 25,S; M; L; XL,NOIR,40,40,4,4,Oui,5,http://www.merchology.com/cdn/shop/files/W-GreyShirt-B_grande.jpg?v=1717081860 ; https://i0.wp.com/www.baltimoresun.com/wp-content/uploads/2024/10/TBS-H-CITY-POLY-APPAREL.jpg?fit=620%2C9999px&ssl=1 ; https://cdn11.bigcommerce.com/s-ce94a/images/stencil/1500x1500/products/3525/46055/1383284-under-armour-ladies-tech-tee-blankcothing.ca-grey__68743.1729100725.jpg?c=2&imbypass=on ; https://underarmour.scene7.com/is/image/Underarmour/V5-1382434-100_FC?rp=standard-0pad%7Cpdp&qlt=85&bgc=f0f0f0&wid=800&hei=1000&op_usm=1.75%2C0.3%2C2%2C0 ; https://underarmour.scene7.com/is/image/Underarmour/V5-6013664-100_BC?rp=standard-0pad%7Cpdp&qlt=85&bgc=f0f0f0&wid=800&hei=1000&op_usm=1.75%2C0.3%2C2%2C0;;;;;;;;;
1379999,TUQUE,Garçon,ACCESSOIRE,UNDER ARMOUR,AUTOMNE 25,,,35,35,7,1,Oui,5,http://boutique.enfantunique.com/cdn/shop/files/under-armour-tuque-d-hiver-one-size-junior-tuque-d-hiver-under-armour-26311351173260.webp?v=1765571408 ; https://underarmour.scene7.com/is/image/Underarmour/1375648-002_SLF_SL?rp=standard-0pad%7Cpdp&qlt=85&bgc=f0f0f0&wid=800&hei=1000&op_usm=1.75%2C0.3%2C2%2C0 ; https://boutique.enfantunique.com/cdn/shop/files/under-armour-tuque-d-hiver-one-size-junior-tuque-d-hiver-under-armour-26311351959692.jpg?v=1765571401&width=1445 ; https://m.media-amazon.com/images/I/61pJwWHyCWL._AC_UY1000_.jpg ; https://underarmour.scene7.com/is/image/Underarmour/PS1379799-587_HF?rp=standard-0pad%7Cpdp&qlt=85&bgc=f0f0f0&wid=800&hei=1000&op_usm=1.75%2C0.3%2C2%2C0;;;;;;;;;;;;
1379989,POLY,Fille,SHORT,UNDER ARMOUR,AUTOMNE 25,YXS; YS; YM; YL,NOIR,35,35,6,4,Oui,5,https://martimx.vteximg.com.br/arquivos/ids/1944782-400-400/1127987850-1.webp?v=639039221408630000 ; https://martimx.vtexassets.com/arquivos/ids/1888758-800-800?v=639011512335400000&width=800&height=800&aspect=true ; https://martimx.vteximg.com.br/arquivos/ids/1993035-400-400/1127988615-1.webp?v=639053049869530000 ; https://underarmour.scene7.com/is/image/Underarmour/PS6004985-637_HS?rp=standard-0pad%7Cpdp&qlt=85&bgc=f0f0f0&wid=800&hei=1000&op_usm=1.75%2C0.3%2C2%2C0 ; https://martimx.vteximg.com.br/arquivos/ids/2089379-400-400/1127990533-1.webp?v=639111885977470000;;;;;;;;;
1379987,COL ROND COTON,Fille,CHANDAIL M.C.,UNDER ARMOUR,PRINTEMPS 2026,XS; S; M; L;" XL,BLEU,35,35,7,5,Oui,5,""https://underarmour.scene7.com/is/image/Underarmour/PS1381678-005_HF?rp=standard-0pad|grid&qlt=85&bgc=f0f0f0&wid=400&hei=500&op_usm=1.75,0.3,2,0 "; https://underarmour.scene7.com/is/image/Underarmour/PS6013717-637_HF?rp=standard-0pad|grid&qlt=85&bgc=f0f0f0&wid=400&hei=500&op_usm=1.75,0.3,2,0 ; https://underarmour.scene7.com/is/image/Underarmour/PS1386521-001_HF?rp=standard-0pad|grid&qlt=85&bgc=f0f0f0&wid=400&hei=500&op_usm=1.75,0.3,2,0 ; https://underarmour.scene7.com/is/image/Underarmour/PS6017136-637_HF?rp=standard-0pad|grid&qlt=85&bgc=f0f0f0&wid=400&hei=500&op_usm=1.75,0.3,2,0 ;" https://www.sail.ca/media/catalog/product/u/n/under-1389760_001-black__01.jpg""";;;;;;;;
1379983,POLY,Fille,CAMISOLE,UNDER ARMOUR,AUTOMNE 25,YM; YL,BLEU,40,40,3,2,Oui,5,https://underarmour.scene7.com/is/image/Underarmour/V5-1379983-709_FC?rp=standard-0pad%7CcartFullDesktop&qlt=85&bgc=f0f0f0&wid=400&hei=500&op_usm=1.75%2C0.3%2C2%2C0 ; https://underarmour.scene7.com/is/image/Underarmour/V5-1379983-672_FC?rp=standard-0pad%7CcartFullDesktop&qlt=85&bgc=f0f0f0&wid=400&hei=500&op_usm=1.75%2C0.3%2C2%2C0 ; https://underarmour.scene7.com/is/image/Underarmour/V5-1379983-001_FC?rp=standard-0pad%7CcartFullDesktop&qlt=85&bgc=f0f0f0&wid=400&hei=500&op_usm=1.75%2C0.3%2C2%2C0 ; https://underarmour.scene7.com/is/image/Underarmour/V5-1379983-425_FC?rp=standard-0pad%7CcartFullDesktop&qlt=85&bgc=f0f0f0&wid=400&hei=500&op_usm=1.75%2C0.3%2C2%2C0 ; https://underarmour.scene7.com/is/image/Underarmour/PS1379983-681_HF?rp=standard-0pad%7CcartFullDesktop&qlt=85&bgc=f0f0f0&wid=400&hei=500&op_usm=1.75%2C0.3%2C2%2C0;;;;;;;;;;;
1379808,JOGGERS,Homme,PANTALON,UNDER ARMOUR,AUTOMNE 25,S; M; L; XL,NOIR; VERT,120,120,7,8,Oui,5,https://underarmour.scene7.com/is/image/Underarmour/V5-1379808-110_FC?rp=standard-0pad%7Cpdp&qlt=85&bgc=f0f0f0&wid=800&hei=1000&op_usm=1.75%2C0.3%2C2%2C0 ; https://underarmour.scene7.com/is/image/Underarmour/V5-1379808-001_FC?rp=standard-0pad%7CcartFullDesktop&qlt=85&bgc=f0f0f0&wid=400&hei=500&op_usm=1.75%2C0.3%2C2%2C0 ; https://www.dtlr.com/cdn/shop/files/1379808-011.jpg?v=1755004721 ; https://underarmour.scene7.com/is/image/Underarmour/V5-1379808-110_BC?rp=standard-0pad%7Cpdp&qlt=85&bgc=f0f0f0&wid=800&hei=1000&op_usm=1.75%2C0.3%2C2%2C0 ; https://underarmour.scene7.com/is/image/Underarmour/V5-1379808-110_SIDEDET?rp=standard-0pad%7Cpdp&qlt=85&bgc=f0f0f0&wid=800&hei=1000&op_usm=1.75%2C0.3%2C2%2C0;;;;;;;;
1379792,COTON,Garçon,HOODIE,UNDER ARMOUR,PRINTEMPS 2026,XS; S; M; L; XL,VERT; MARINE,50,50,10,10,Oui,5,https://underarmour.scene7.com/is/image/Underarmour/V5-1379792-001_FC?rp=standard-0pad%7CcartFullDesktop&qlt=85&bgc=f0f0f0&wid=400&hei=500&op_usm=1.75%2C0.3%2C2%2C0 ; https://underarmour.scene7.com/is/image/Underarmour/PS1379792-400_HF?rp=standard-0pad%7CcartFullDesktop&qlt=85&bgc=f0f0f0&wid=400&hei=500&op_usm=1.75%2C0.3%2C2%2C0 ; https://underarmour.scene7.com/is/image/Underarmour/V5-1379792-012_FC?rp=standard-0pad%7CcartFullDesktop&qlt=85&bgc=f0f0f0&wid=400&hei=500&op_usm=1.75%2C0.3%2C2%2C0 ; https://cdn.ssactivewear.com/Images/ModelColor/134774_omf_fm.jpg ; https://cdn.ssactivewear.com/Images/Color/134774_f_fl.jpg;;;;;;;
1379774,JOGGERS,Homme,PANTALON,UNDER ARMOUR,PRINTEMPS 2026,S; M; L; XL,MARINE; GRIS; NOIR,65,65,9,8,Oui,5,https://underarmour.scene7.com/is/image/Underarmour/V5-1379774-410_FC?rp=standard-0pad%7CcartFullDesktop&qlt=85&bgc=f0f0f0&wid=400&hei=500&op_usm=1.75%2C0.3%2C2%2C0 ; https://underarmour.scene7.com/is/image/Underarmour/V5-1379774-100_FC?rp=standard-0pad%7Cpdp&qlt=85&bgc=f0f0f0&wid=800&hei=1000&op_usm=1.75%2C0.3%2C2%2C0 ; https://underarmour.scene7.com/is/image/Underarmour/V5-1379774-625_FC?rp=standard-0pad%7CcartFullDesktop&qlt=85&bgc=f0f0f0&wid=400&hei=500&op_usm=1.75%2C0.3%2C2%2C0 ; https://underarmour.scene7.com/is/image/Underarmour/V5-1379774-100_BC?rp=standard-0pad%7Cpdp&qlt=85&bgc=f0f0f0&wid=800&hei=1000&op_usm=1.75%2C0.3%2C2%2C0 ; https://underarmour.scene7.com/is/image/Underarmour/V5-1379774-011_FC?rp=standard-0pad%7CcartFullDesktop&qlt=85&bgc=f0f0f0&wid=400&hei=500&op_usm=1.75%2C0.3%2C2%2C0;;;;;;;
1379767,FULL ZIP COTON,Homme,HOODIE,UNDER ARMOUR,PRINTEMPS 25,M;" L,GRIS,80,80,5,2,Oui,5,""https://underarmour.scene7.com/is/image/Underarmour/V5-1379767-001_FC?rp=standard-0pad%7CcartFullDesktop&qlt=85&bgc=f0f0f0&wid=400&hei=500&op_usm=1.75%2C0.3%2C2%2C0 "; https://workingperson.com/media/catalog/product/v/5/v5-1379767-025_fcedit.jpg?optimize=medium&bg-color=255,255,255&fit=bounds&height=&width= ; https://underarmour.scene7.com/is/image/Underarmour/PS1379767-390_HF?rp=standard-0pad%7Cpdp&qlt=85&bgc=f0f0f0&wid=800&hei=1000&op_usm=1.75%2C0.3%2C2%2C0 ; https://underarmour.scene7.com/is/image/Underarmour/V5-1379767-390_FC?rp=standard-0pad%7CcartFullDesktop&qlt=85&bgc=f0f0f0&wid=400&hei=500&op_usm=1.75%2C0.3%2C2%2C0 ;" https://workingperson.com/media/catalog/product/v/5/v5-1379767-025_bcedit.jpg?optimize=medium&bg-color=255,255,255&fit=bounds&height=700&width=700&canvas=700:700""";;;;;;;;;;;
1379757,COTON,Homme,HOODIE,UNDER ARMOUR,PRINTEMPS 2026,S; M; L; XL; XXL,GRIS; MARINE,65,65,10,9,Oui,5,https://underarmour.scene7.com/is/image/Underarmour/V5-1379757-001_FC?rp=standard-0pad%7CcartFullDesktop&qlt=85&bgc=f0f0f0&wid=400&hei=500&op_usm=1.75%2C0.3%2C2%2C0 ; https://underarmour.scene7.com/is/image/Underarmour/V5-1379757-100_FC?rp=standard-0pad%7Cpdp&qlt=85&bgc=f0f0f0&wid=800&hei=1000&op_usm=1.75%2C0.3%2C2%2C0 ; https://underarmour.scene7.com/is/image/Underarmour/V5-1379757-301_FC?rp=standard-0pad%7CcartFullDesktop&qlt=85&bgc=f0f0f0&wid=400&hei=500&op_usm=1.75%2C0.3%2C2%2C0 ; https://www.merchology.com/cdn/shop/files/1379757-410-F_1024x1024.jpg?v=1706903872 ; http://www.merchology.com/cdn/shop/files/1379757-410-HTF_grande.jpg?v=1706903884;;;;;;;
1379743,POLY,Homme,HOODIE,UNDER ARMOUR,PRINTEMPS 25,S; M; L; XL;" XXL,VERT,70,70,5,5,Oui,5,""https://underarmour.scene7.com/is/image/Underarmour/PS1379743-025_HF?rp=standard-0pad%7Cpdp&qlt=85&bgc=f0f0f0&wid=800&hei=1000&op_usm=1.75%2C0.3%2C2%2C0 "; https://underarmour.scene7.com/is/image/Underarmour/V5-1379743-025_FC?rp=standard-0pad%7Cpdp&qlt=85&bgc=f0f0f0&wid=800&hei=1000&op_usm=1.75%2C0.3%2C2%2C0 ; https://workingperson.com/media/catalog/product/v/5/v5-1379743-432_fcedit.jpg?optimize=medium&bg-color=255,255,255&fit=bounds&height=&width= ; https://workingperson.com/media/catalog/product/v/5/v5-1379743-025_bcedit.jpg?optimize=medium&bg-color=255,255,255&fit=bounds&height=700&width=700&canvas=700:700 ;" https://shopcgx.com/cdn/shop/files/cq5dam.web.1280.1280__20_70365ae5-b360-46a3-b855-ac2debe33463_1024x.jpg?v=1708285259""";;;;;;;;
1379525,JOGGERS,Fille,PANTALON,UNDER ARMOUR,AUTOMNE 25,YXS; YS; YM; YL,GRIS; ROSE,50,50,5,8,Oui,5,https://underarmour.scene7.com/is/image/Underarmour/V5-1379525-001_FC?rp=standard-0pad%7CcartFullDesktop&qlt=85&bgc=f0f0f0&wid=400&hei=500&op_usm=1.75%2C0.3%2C2%2C0 ; https://underarmour.scene7.com/is/image/Underarmour/V5-1379525-477_FC?rp=standard-0pad%7CcartFullDesktop&qlt=85&bgc=f0f0f0&wid=400&hei=500&op_usm=1.75%2C0.3%2C2%2C0 ; https://underarmour.scene7.com/is/image/Underarmour/V5-1379525-659_FC?rp=standard-0pad%7CcartFullDesktop&qlt=85&bgc=f0f0f0&wid=400&hei=500&op_usm=1.75%2C0.3%2C2%2C0 ; https://underarmour.scene7.com/is/image/Underarmour/V5-1379525-600_FC?rp=standard-0pad%7CcartFullDesktop&qlt=85&bgc=f0f0f0&wid=400&hei=500&op_usm=1.75%2C0.3%2C2%2C0 ; https://underarmour.scene7.com/is/image/Underarmour/V5-1379525-012_FC?rp=standard-0pad%7CcartFullDesktop&qlt=85&bgc=f0f0f0&wid=400&hei=500&op_usm=1.75%2C0.3%2C2%2C0;;;;;;;;
1379519,BAS,Unisexe,ACCESSOIRE,UNDER ARMOUR,PRINTEMPS 2026,XS; S; M,NOIR; BLANC,18,18,5,6,Oui,5,https://www.underarmour.ae/dw/image/v2/BHCQ_PRD/on/demandware.static/-/Sites-akeneo-master-catalog/default/dwc4f9b541/ua/U/1/3/U_1379519_001_2199.jpg?sw=400&sh=500&sm=fit ; https://underarmour.scene7.com/is/image/Underarmour/1379519-100_PACK_SL?rp=standard-0pad%7CcartFullDesktop&qlt=85&bgc=f0f0f0&wid=400&hei=500&op_usm=1.75%2C0.3%2C2%2C0 ; https://underarmour.scene7.com/is/image/Underarmour/1379519-100_SIDEPROF_SL?rp=standard-0pad%7Cpdp&qlt=85&bgc=f0f0f0&wid=800&hei=1000&op_usm=1.75%2C0.3%2C2%2C0 ; https://underarmour.scene7.com/is/image/Underarmour/1379519-100_SLB_SL?rp=standard-0pad%7Cpdp&qlt=85&bgc=f0f0f0&wid=800&hei=1000&op_usm=1.75%2C0.3%2C2%2C0 ; https://www.underarmour.ae/dw/image/v2/BHCQ_PRD/on/demandware.static/-/Sites-akeneo-master-catalog/default/dw5e865f92/ua/U/1/3/U_1379519_001_2208.jpg?sw=700&sh=700&sm=fit;;;;;;;;;
1379517,COTON,Fille,HOODIE,UNDER ARMOUR,PRINTEMPS 2026,XS; S; M; L; XL,NOIR; ROSE,50,50,11,10,Oui,5,https://underarmour.scene7.com/is/image/Underarmour/V5-1379517-001_FC?rp=standard-0pad%7CcartFullDesktop&qlt=85&bgc=f0f0f0&wid=400&hei=500&op_usm=1.75%2C0.3%2C2%2C0 ; https://underarmour.scene7.com/is/image/Underarmour/V5-1379517-600_FC?rp=standard-0pad%7CcartFullDesktop&qlt=85&bgc=f0f0f0&wid=400&hei=500&op_usm=1.75%2C0.3%2C2%2C0 ; https://underarmour.scene7.com/is/image/Underarmour/PS1379517-477_HF?rp=standard-0pad%7Cpdp&qlt=85&bgc=f0f0f0&wid=800&hei=1000&op_usm=1.75%2C0.3%2C2%2C0 ; https://underarmour.scene7.com/is/image/Underarmour/V5-1379517-012_FC?rp=standard-0pad%7CcartFullDesktop&qlt=85&bgc=f0f0f0&wid=400&hei=500&op_usm=1.75%2C0.3%2C2%2C0 ; https://underarmour.scene7.com/is/image/Underarmour/V5-1379517-477_FC?rp=standard-0pad%7Cpdp&qlt=85&bgc=f0f0f0&wid=800&hei=1000&op_usm=1.75%2C0.3%2C2%2C0;;;;;;;
1379515,BAS,Unisexe,ACCESSOIRE,UNDER ARMOUR,AUTOMNE 25,M;" L,BLEU,20,20,13,2,Oui,5,""https://underarmour.scene7.com/is/image/Underarmour/1379515-105_PACK_SL?rp=standard-0pad%7CcartFullDesktop&qlt=85&bgc=f0f0f0&wid=400&hei=500&op_usm=1.75%2C0.3%2C2%2C0 "; http://www.function18.com/cdn/shop/files/Under-Armour-Golf-Performance-Tech-Crew-Sock-3-Pack-1379515-101-1.jpg?v=1736726880 ; https://underarmour.scene7.com/is/image/Underarmour/1379515-002_SLB_SL?rp=standard-0pad|pdp&qlt=85&bgc=f0f0f0&wid=800&hei=1000&op_usm=1.75,0.3,2,0 ; https://underarmour.scene7.com/is/image/Underarmour/1379515-105_SLF_SL?rp=standard-0pad%7Cpdp&qlt=85&bgc=f0f0f0&wid=800&hei=1000&op_usm=1.75%2C0.3%2C2%2C0 ;" https://underarmour.scene7.com/is/image/Underarmour/1379515-105_SLB_SL?rp=standard-0pad%7Cpdp&qlt=85&bgc=f0f0f0&wid=800&hei=1000&op_usm=1.75%2C0.3%2C2%2C0""";;;;;;;;;;;
1379508,COTON,Femme,HOODIE,UNDER ARMOUR,PRINTEMPS 2026,XS; S; M; L; XL,BLANC;" VERT,60,60,6,8,Oui,5,""https://underarmour.scene7.com/is/image/Underarmour/V5-1379508-001_FC?rp=standard-0pad%7CcartFullDesktop&qlt=85&bgc=f0f0f0&wid=400&hei=500&op_usm=1.75%2C0.3%2C2%2C0 "; https://cdn.ssactivewear.com/images/color/126830_f_fs.jpg ; https://cdn.ssactivewear.com/cdn-cgi/image/quality=80,w=324,f=auto/Images/Style/14804_fs.jpg ; https://underarmour.scene7.com/is/image/Underarmour/PS1379508-001_HF?rp=standard-0pad%7Cpdp&qlt=85&bgc=f0f0f0&wid=800&hei=1000&op_usm=1.75%2C0.3%2C2%2C0 ;" https://underarmour.scene7.com/is/image/Underarmour/V5-1379508-001_BC?rp=standard-0pad%7Cpdp&qlt=85&bgc=f0f0f0&wid=800&hei=1000&op_usm=1.75%2C0.3%2C2%2C0""";;;;;;;
1379500,COTON,Femme,HOODIE,UNDER ARMOUR,PRINTEMPS 2026,XS; S; M; L; XL; XXL,BLEU; VERT; ROSE;" GRIS,65,65,25,18,Oui,5,""https://underarmour.scene7.com/is/image/Underarmour/V5-1379500-001_FC?rp=standard-0pad%7CcartFullDesktop&qlt=85&bgc=f0f0f0&wid=400&hei=500&op_usm=1.75%2C0.3%2C2%2C0 "; https://underarmour.scene7.com/is/image/Underarmour/V5-1379500-028_FC?rp=standard-0pad%7CcartFullDesktop&qlt=85&bgc=f0f0f0&wid=400&hei=500&op_usm=1.75%2C0.3%2C2%2C0 ; https://www.merchology.com/cdn/shop/files/1379500-410-F_8e1cbac3-49ef-4b2b-b44e-4d02adf98ce9_1024x1024.jpg?v=1707142515 ; https://underarmour.scene7.com/is/image/Underarmour/V5-1379500-100_FC?rp=standard-0pad%7Cpdp&qlt=85&bgc=f0f0f0&wid=800&hei=1000&op_usm=1.75%2C0.3%2C2%2C0 ;" https://workingperson.com/media/catalog/product/v/5/v5-1379500-601_fcedit.jpg?optimize=medium&bg-color=255,255,255&fit=bounds&height=&width=""";;;;
1379497,FULL ZIP COTON,Femme,HOODIE,UNDER ARMOUR,PRINTEMPS 25,S; M; L; XL,GRIS,80,80,7,4,Oui,5,https://underarmour.scene7.com/is/image/Underarmour/V5-1379497-659_FC?rp=standard-0pad%7Cpdp&qlt=85&bgc=f0f0f0&wid=800&hei=1000&op_usm=1.75%2C0.3%2C2%2C0 ; https://www.e-tennis.com/media/catalog/product/cache/9f6a0f2a2b1968473f9efdabe1103d96/1/3/1379497-012_fc.webp ; https://underarmour.scene7.com/is/image/Underarmour/V5-1379497-659_BC?rp=standard-0pad%7Cpdp&qlt=85&bgc=f0f0f0&wid=800&hei=1000&op_usm=1.75%2C0.3%2C2%2C0 ; https://sansirosports.com/wp-content/uploads/2023/09/1379497-001.png ; https://sansirosports.com/wp-content/uploads/2023/09/1379497-001_4-800x800.jpg;;;;;;;;;
1379438,JOGGERS,Femme,PANTALON,UNDER ARMOUR,PRINTEMPS 25,XS; S; M; L; XL,GRIS; BEIGE; VERT,65,65,7,14,Oui,5,https://underarmour.scene7.com/is/image/Underarmour/V5-1379438-477_FC?rp=standard-0pad%7Cpdp&qlt=85&bgc=f0f0f0&wid=800&hei=1000&op_usm=1.75%2C0.3%2C2%2C0 ; https://underarmour.scene7.com/is/image/Underarmour/V5-1379438-012_FC?rp=standard-0pad%7CcartFullDesktop&qlt=85&bgc=f0f0f0&wid=400&hei=500&op_usm=1.75%2C0.3%2C2%2C0 ; https://underarmour.scene7.com/is/image/Underarmour/V5-1379438-001_FC?rp=standard-0pad%7CcartFullDesktop&qlt=85&bgc=f0f0f0&wid=400&hei=500&op_usm=1.75%2C0.3%2C2%2C0 ; https://underarmour.scene7.com/is/image/Underarmour/V5-1379438-028_FC?rp=standard-0pad%7CcartFullDesktop&qlt=85&bgc=f0f0f0&wid=400&hei=500&op_usm=1.75%2C0.3%2C2%2C0 ; https://underarmour.scene7.com/is/image/Underarmour/V5-1379438-477_FSF?rp=standard-0pad%7Cpdp&qlt=85&bgc=f0f0f0&wid=800&hei=1000&op_usm=1.75%2C0.3%2C2%2C0;;;;;;
1379349,DEMI ZIP POLY,Femme,CHANDAIL M.L.,UNDER ARMOUR,PRINTEMPS 2026,XS; S; M; L; XL,VERT,80,80,6,5,Oui,5,https://underarmour.scene7.com/is/image/Underarmour/PS1379349-100_HF?rp=standard-0pad%7Cpdp&qlt=85&bgc=f0f0f0&wid=800&hei=1000&op_usm=1.75%2C0.3%2C2%2C0 ; https://underarmour.scene7.com/is/image/Underarmour/V5-1379349-100_FC?rp=standard-0pad%7CcartFullDesktop&qlt=85&bgc=f0f0f0&wid=400&hei=500&op_usm=1.75%2C0.3%2C2%2C0 ; https://underarmour.scene7.com/is/image/Underarmour/V5-1379349-001_FC?rp=standard-0pad%7CcartFullDesktop&qlt=85&bgc=f0f0f0&wid=400&hei=500&op_usm=1.75%2C0.3%2C2%2C0 ; https://underarmour.scene7.com/is/image/Underarmour/V5-1379349-703_FC?rp=standard-0pad%7CcartFullDesktop&qlt=85&bgc=f0f0f0&wid=400&hei=500&op_usm=1.75%2C0.3%2C2%2C0 ; https://underarmour.scene7.com/is/image/Underarmour/PS1379349-100_HB?rp=standard-0pad%7Cpdp&qlt=85&bgc=f0f0f0&wid=800&hei=1000&op_usm=1.75%2C0.3%2C2%2C0;;;;;;;;
1379195,SOUTIEN-GEORGE,Femme,ACCESSOIRE,UNDER ARMOUR,AUTOMNE 25,XS; S; M; L; XL; XXL,NOIR;" BLANC,55,55,11,12,Oui,5,""https://epicsports.cachefly.net/i/f/207611/126779/500/image.jpg "; https://i1.t4s.cz/products/1379195-561/885452-960.webp ; https://img.sport2000.fr/2rDecAIUBUS0PlEvAR1caA16z6XFdSB2D3fWoHYqrFU/resize:fit:550:550/aHR0cDovL3BsYWlu/ZS1kYXRhLm1lemNh/bGl0by5uZXQvMTM3/OTE5NS0xMDAtc3Bv/cnQyMDAwL3dlYi0x/Mzc5MTk1LTEwMC1w/LmpwZw.webp ; https://m.media-amazon.com/images/I/61-N8Gp1muL._AC_SR175,263_QL70_.jpg ;" https://i1.t4s.cz/products/1379195-561/under-armour-sport-bh-damen-915159-1379195-561.png""";;;;;;
1379178,COL ROND POLY,Femme,CHANDAIL M.C.,UNDER ARMOUR,PRINTEMPS 25,XS; S; M; L; XL,VIOLET; BLANC; NOIR,40,40,8,14,Oui,5,https://underarmour.scene7.com/is/image/Underarmour/V5-1387235-587_FC?rp=standard-0pad%7Cpdp&qlt=85&bgc=f0f0f0&wid=800&hei=1000&op_usm=1.75%2C0.3%2C2%2C0 ; https://i0.wp.com/www.baltimoresun.com/wp-content/uploads/2024/10/TBS-H-CITY-POLY-APPAREL.jpg?fit=620%2C9999px&ssl=1 ; https://underarmour.scene7.com/is/image/Underarmour/PS1379475-001_HF?rp=standard-0pad%7Cpdp&qlt=85&bgc=f0f0f0&wid=800&hei=1000&op_usm=1.75%2C0.3%2C2%2C0 ; https://i0.wp.com/storage.googleapis.com/megaphone-public/roserock/under-armour-womens-polo-shirt-grey-front-691bfc730ba01.jpg?fit=2000%2C2000&ssl=1 ; https://underarmour.scene7.com/is/image/Underarmour/V5-1379508-001_FC?rp=standard-0pad%7Cpdp&qlt=85&bgc=f0f0f0&wid=800&hei=1000&op_usm=1.75%2C0.3%2C2%2C0;;;;;;
1379046,POLY,Femme,CAMISOLE,UNDER ARMOUR,PRINTEMPS 25,M;" L,BLANC,40,40,0,2,Oui,5,""https://underarmour.scene7.com/is/image/Underarmour/V5-1379046-001_FC?rp=standard-0pad|pdpfull&qlt=85&bgc=f0f0f0&wid=1200&hei=1500&op_usm=1.75,0.3,2,0 "; https://underarmour.scene7.com/is/image/Underarmour/PS1379046-001_HF?rp=standard-0pad|pdpfull&qlt=85&bgc=f0f0f0&wid=1200&hei=1500&op_usm=1.75,0.3,2,0 ; https://underarmour.scene7.com/is/image/Underarmour/V5-1379046-001_BC?rp=standard-0pad|pdp&qlt=85&bgc=f0f0f0&wid=800&hei=1000&op_usm=1.75,0.3,2,0 ; https://underarmour.scene7.com/is/image/Underarmour/V5-1379046-001_SIDEDET?rp=standard-0pad|pdp&qlt=85&bgc=f0f0f0&wid=800&hei=1000&op_usm=1.75,0.3,2,0 ;" https://underarmour.scene7.com/is/image/Underarmour/V5-1379046-464_FC?rp=standard-0pad|pdp&qlt=85&bgc=f0f0f0&wid=800&hei=1000&op_usm=1.75,0.3,2,0""";;;;;;;;;;;
1378673,POLY,Homme,POLO M.C.,UNDER ARMOUR,PRINTEMPS 25,S; M; L; XL; XXL,GRIS; NOIR,80,80,11,10,Oui,5,https://underarmour.scene7.com/is/image/Underarmour/V5-1378673-842_FC?rp=standard-0pad%7Cpdp&qlt=85&bgc=f0f0f0&wid=800&hei=1000&op_usm=1.75%2C0.3%2C2%2C0 ; https://cdn.shopify.com/s/files/1/0312/6537/files/1378673-410-front-1200X1200_7e071447-ec19-4740-87c4-b0f61ec18c55_640x640.jpg.webp?v=1685972586 ; https://i.ebayimg.com/images/g/s6IAAOSwDIxoM~sf/s-l500.jpg ; https://i.ebayimg.com/images/g/-CUAAOSwPDtfsjQ5/s-l500.jpg ; https://i.ebayimg.com/images/g/sAUAAOSwzLlnYgsq/s-l500.jpg;;;;;;;
1375648,TUQUE,Garçon,ACCESSOIRE,UNDER ARMOUR,AUTOMNE 25,,,25,25,2,1,Oui,5,https://underarmour.scene7.com/is/image/Underarmour/1375648-002_SLF_SL?rp=standard-0pad%7Cpdp&qlt=85&bgc=f0f0f0&wid=800&hei=1000&op_usm=1.75%2C0.3%2C2%2C0 ; https://underarmour.scene7.com/is/image/Underarmour/1375648-002_SLB_SL?rp=standard-0pad%7Cpdp&qlt=85&bgc=f0f0f0&wid=800&hei=1000&op_usm=1.75%2C0.3%2C2%2C0 ; https://underarmour.scene7.com/is/image/Underarmour/1375648-308_SLF_SL?rp=standard-0pad%7CcartFullDesktop&qlt=85&bgc=f0f0f0&wid=400&hei=500&op_usm=1.75%2C0.3%2C2%2C0 ; https://clement.ca/cdn/shop/files/ARM-1375648-002_NOI_C.jpg?v=1784732417&width=860 ; https://img.sport2000.fr/TvnwGInkvMYUWpoIG50M9k5vZrbNM693nucntOyXMDw/resize:fit:550:550/aHR0cDovL3BsYWlu/ZS1kYXRhLm1lemNh/bGl0by5uZXQvMTM4/NjY0MS0wMDEtc3Bv/cnQyMDAwL3dlYi0x/Mzg2NjQxLTAwMS1w/LmpwZw.webp;;;;;;;;;;;;
1377843,COL ROND POLY,Homme,CHANDAIL M.C.,UNDER ARMOUR,PRINTEMPS 25,S; M; L; XL;" XXL,GRIS,30,30,2,5,Oui,5,""https://i0.wp.com/www.baltimoresun.com/wp-content/uploads/2024/10/TBS-H-CITY-POLY-APPAREL.jpg?fit=620%2C9999px&ssl=1 "; https://images.squarespace-cdn.com/content/v1/5f7e09f605aecf7ce5f33355/1726775499550-SAL58YVA7E7TLWLSDHNX/under-armour-mens-polo-shirt-black-front-66ec80c125edd.jpg?format=1500w ; https://i.ebayimg.com/images/g/xQIAAeSwZBJo1vqr/s-l1200.jpg ; https://www.baltimoresun.com/wp-content/uploads/2024/10/TBS-H-CITY-POLY-APPAREL-P2.jpg?w=1800&resize=1800,1800 ;" https://getspirit.com/cdn/shop/files/1370399_Black_White_White_1024x1024.jpg?v=1699376099""";;;;;;;;
1377376,POLY,Homme,POLO M.C.,UNDER ARMOUR,AUTOMNE 25,S; M; L; XL; XXL,BLEU; NOIR; BLANC; BORDEAUX,70,70,10,20,Oui,5,https://underarmour.scene7.com/is/image/Underarmour/V5-1377376-422_FC?rp=standard-0pad%7Cpdp&qlt=85&bgc=f0f0f0&wid=800&hei=1000&op_usm=1.75%2C0.3%2C2%2C0 ; https://underarmour.scene7.com/is/image/Underarmour/V5-1377376-600_FC?rp=standard-0pad%7CcartFullDesktop&qlt=85&bgc=f0f0f0&wid=400&hei=500&op_usm=1.75%2C0.3%2C2%2C0 ; https://underarmour.scene7.com/is/image/Underarmour/V5-1377376-044_FC?rp=standard-0pad%7CcartFullDesktop&qlt=85&bgc=f0f0f0&wid=400&hei=500&op_usm=1.75%2C0.3%2C2%2C0 ; https://underarmour.scene7.com/is/image/Underarmour/V5-1377376-422_CHDET?rp=standard-0pad%7Cpdp&qlt=85&bgc=f0f0f0&wid=800&hei=1000&op_usm=1.75%2C0.3%2C2%2C0 ; https://shopcgx.com/cdn/shop/files/1377376-001_BLACK_1_3e39-12.jpg?v=1708298183;;;;;
1377346,POLY,Garçon,POLO M.C.,UNDER ARMOUR,AUTOMNE 25,YXS; YS; YM,ROUGE; BLEU; GRIS; NOIR; MARINE,35,35,29,15,Oui,5,https://underarmour.scene7.com/is/image/Underarmour/PS1377346-001_HF?rp=standard-0pad%7CcartFullDesktop&qlt=85&bgc=f0f0f0&wid=400&hei=500&op_usm=1.75%2C0.3%2C2%2C0 ; https://underarmour.scene7.com/is/image/Underarmour/PS1377346-012_HF?rp=standard-0pad%7CcartFullDesktop&qlt=85&bgc=f0f0f0&wid=400&hei=500&op_usm=1.75%2C0.3%2C2%2C0 ; https://underarmour.scene7.com/is/image/Underarmour/PS1377346-100_HF?rp=standard-0pad%7Cpdp&qlt=85&bgc=f0f0f0&wid=800&hei=1000&op_usm=1.75%2C0.3%2C2%2C0 ; https://cdn11.bigcommerce.com/s-yjdix4v11q/images/stencil/728x728/attribute_rule_images/17361_source_1719338221.jpg ; https://underarmour.scene7.com/is/image/Underarmour/PS1377346-600_HF?rp=standard-0pad%7CcartFullDesktop&qlt=85&bgc=f0f0f0&wid=400&hei=500&op_usm=1.75%2C0.3%2C2%2C0;;;;;;
1377110,POLY,Fille,SHORT,UNDER ARMOUR,PRINTEMPS 2026,S; M; L,NOIR,35,35,6,3,Oui,5,https://underarmour.scene7.com/is/image/Underarmour/V5-1377110-425_FC?rp=standard-0pad%7CcartFullDesktop&qlt=85&bgc=f0f0f0&wid=400&hei=500&op_usm=1.75%2C0.3%2C2%2C0 ; https://underarmour.scene7.com/is/image/Underarmour/V5-1377110-001_FC?rp=standard-0pad%7CcartFullDesktop&qlt=85&bgc=f0f0f0&wid=400&hei=500&op_usm=1.75%2C0.3%2C2%2C0 ; https://underarmour.scene7.com/is/image/Underarmour/PS1377110-348_HF?rp=standard-0pad%7Cpdp&qlt=85&bgc=f0f0f0&wid=800&hei=1000&op_usm=1.75%2C0.3%2C2%2C0 ; https://underarmour.scene7.com/is/image/Underarmour/PS1377110-681_HF?rp=standard-0pad%7CcartFullDesktop&qlt=85&bgc=f0f0f0&wid=400&hei=500&op_usm=1.75%2C0.3%2C2%2C0 ; https://underarmour.scene7.com/is/image/Underarmour/PS1377110-452_HF?rp=standard-0pad%7CcartFullDesktop&qlt=85&bgc=f0f0f0&wid=400&hei=500&op_usm=1.75%2C0.3%2C2%2C0;;;;;;;;;;
1377088,POLY,Femme,SHORT,UNDER ARMOUR,PRINTEMPS 2026,XS; S; M; L; XL,GRIS; NOIR; ROSE; LILAS; BLEU,55,55,24,21,Oui,5,https://underarmour.scene7.com/is/image/Underarmour/V5-1377088-001_FC?rp=standard-0pad%7CcartFullDesktop&qlt=85&bgc=f0f0f0&wid=400&hei=500&op_usm=1.75%2C0.3%2C2%2C0 ; https://underarmour.scene7.com/is/image/Underarmour/V5-1377088-338_FC?rp=standard-0pad%7Cpdp&qlt=85&bgc=f0f0f0&wid=800&hei=1000&op_usm=1.75%2C0.3%2C2%2C0 ; https://underarmour.scene7.com/is/image/Underarmour/V5-1377088-425_FC?rp=standard-0pad%7CcartFullDesktop&qlt=85&bgc=f0f0f0&wid=400&hei=500&op_usm=1.75%2C0.3%2C2%2C0 ; https://underarmour.scene7.com/is/image/Underarmour/V5-1377088-520_FC?rp=standard-0pad%7CcartFullDesktop&qlt=85&bgc=f0f0f0&wid=400&hei=500&op_usm=1.75%2C0.3%2C2%2C0 ; https://underarmour.scene7.com/is/image/Underarmour/V5-1377088-338_FSF?rp=standard-0pad%7Cpdp&qlt=85&bgc=f0f0f0&wid=800&hei=1000&op_usm=1.75%2C0.3%2C2%2C0;;;;
1376955,POLY,Homme,SHORT,UNDER ARMOUR,PRINTEMPS 25,S; M; L; XL; XXL,GRIS; NOIR,40,40,5,8,Oui,5,https://cdn11.bigcommerce.com/s-dvvakqujk6/images/stencil/1280x1280/products/35824/6991568/1376955-005_UNDE_BKWH_S_EA1__30578.1784416112.png?c=2 ; https://tenniszon.com/cdn/shop/products/1376955-001-A.webp?v=1678031849&width=1920 ; https://cdn11.bigcommerce.com/s-dvvakqujk6/images/stencil/1280x1280/products/35824/6991574/1376955-005_UNDE_BKWH_S_EA7__28715.1784416117.png?c=2 ; https://cdn11.bigcommerce.com/s-dvvakqujk6/images/stencil/1280x1280/products/35824/6991569/1376955-005_UNDE_BKWH_S_EA2__77201.1784416113.png?c=2 ; https://therunhouse.com/cdn/shop/files/390.webp?v=1706205578&width=720;;;;;;;
1376936,POLY,Femme,JUPE SHORT,UNDER ARMOUR,PRINTEMPS 25,XS; S; M; L;" XL,BLEU,60,60,7,5,Oui,5,""https://tenniszon.com/cdn/shop/files/1376936-001-A.webp?v=1747330531&width=1920 "; http://underarmour.com.ph/cdn/shop/files/s7.V5-1376936-044_FC.jpg?v=1753930788 ; https://tenniszon.com/cdn/shop/files/1376936-001-B.webp?v=1747330531&width=1445 ; https://underarmour.com.ph/cdn/shop/files/s7.V5-1376936-647_FC_2048x.jpg?v=1755069080 ;" https://underarmour.scene7.com/is/image/Underarmour/V5-1376936-001_FC?rp=standard-0pad|pdpfull&qlt=85&bgc=f0f0f0&wid=1200&hei=1500&op_usm=1.75,0.3,2,0""";;;;;;;;
1376933,POLY,Femme,SHORT,UNDER ARMOUR,PRINTEMPS 25,XS; S; M; L; XL,NOIR,50,50,5,5,Oui,5,https://underarmour.scene7.com/is/image/Underarmour/V5-1376933-326_FC?rp=standard-0pad%7Cpdp&qlt=85&bgc=f0f0f0&wid=800&hei=1000&op_usm=1.75%2C0.3%2C2%2C0 ; https://underarmour.scene7.com/is/image/Underarmour/V5-1376933-326_WSTBND?rp=standard-0pad%7Cpdp&qlt=85&bgc=f0f0f0&wid=800&hei=1000&op_usm=1.75%2C0.3%2C2%2C0 ; https://tenniszon.com/cdn/shop/products/1376933-001-A.webp?v=1678031706&width=1946 ; https://underarmour.scene7.com/is/image/Underarmour/V5-1376933-326_FSF?rp=standard-0pad%7Cpdp&qlt=85&bgc=f0f0f0&wid=800&hei=1000&op_usm=1.75%2C0.3%2C2%2C0 ; https://tenniszon.com/cdn/shop/products/1376933-001-C.webp?v=1678031705&width=1445;;;;;;;;
1376831,POLY,Homme,SHORT,UNDER ARMOUR,PRINTEMPS 25,S; M; L; XL; XXL,NOIR,70,70,2,5,Oui,5,https://cdn.blazimg.com/1800/product/u/n/under-armour_1376831-001_00.webp ; https://cdn.shopify.com/s/files/1/0603/3031/1875/files/main-square_bc8971c1-a138-43c6-96dd-2695238f8528.jpg?v=1712045965 ; https://i1.t4s.cz/products/1376831-001/under-armour-launch-elite-2in1-7-short-598008-1376831-001-960.webp ; https://i1.t4s.cz/products/1376831-001/under-armour-launch-elite-2in1-7-short-598008-1376831-002.jpeg ; https://cdn.blazimg.com/1800/product/u/n/under-armour_1376831-001_1.webp;;;;;;;;
1376800,5 POCHES POLY,Homme,PANTALON,UNDER ARMOUR,PRINTEMPS 25,S; M; L; XL; XXL,NOIR,90,90,6,5,Oui,5,https://cdn.shopify.com/s/files/1/0603/3031/1875/files/4_868111d3-8e97-4bb8-96f6-a7c0e38af02d.jpg?v=1712575602 ; https://underarmour.scene7.com/is/image/Underarmour/V5-1376800-348_FC?rp=standard-0pad%7Cpdp&qlt=85&bgc=f0f0f0&wid=800&hei=1000&op_usm=1.75%2C0.3%2C2%2C0 ; https://cdn.shopify.com/s/files/1/0603/3031/1875/files/main-square_173dfd9b-e581-40e8-a639-34f689da3531.jpg?v=1712575596 ; https://cdn.shopify.com/s/files/1/0603/3031/1875/files/3_bc2c047d-626a-48fd-ac11-dfbad6ee94da.jpg?v=1712575598 ; https://underarmour.scene7.com/is/image/Underarmour/V5-1376800-348_FC?qlt=85&bgc=F0F0F0&wid=150&hei=150&resmode=sharp2;;;;;;;;
1376791,COL ROND POLY,Homme,CHANDAIL M.C.,UNDER ARMOUR,PRINTEMPS 25,S; XXL,GRIS; NOIR,40,40,0,3,Oui,5,https://underarmour.scene7.com/is/image/Underarmour/V5-1376791-715_FC?rp=standard-0pad%7CcartFullDesktop&qlt=85&bgc=f0f0f0&wid=400&hei=500&op_usm=1.75%2C0.3%2C2%2C0 ; https://underarmour.scene7.com/is/image/Underarmour/V5-1376791-100_FC?rp=standard-0pad%7CcartFullDesktop&qlt=85&bgc=f0f0f0&wid=400&hei=500&op_usm=1.75%2C0.3%2C2%2C0 ; https://underarmour.scene7.com/is/image/Underarmour/V5-1376791-425_FC?rp=standard-0pad%7CcartFullDesktop&qlt=85&bgc=f0f0f0&wid=400&hei=500&op_usm=1.75%2C0.3%2C2%2C0 ; https://underarmour.scene7.com/is/image/Underarmour/V5-1376791-008_FC?rp=standard-0pad%7CcartFullDesktop&qlt=85&bgc=f0f0f0&wid=400&hei=500&op_usm=1.75%2C0.3%2C2%2C0 ; https://underarmour.scene7.com/is/image/Underarmour/V5-1376791-390_FC?rp=standard-0pad%7CcartFullDesktop&qlt=85&bgc=f0f0f0&wid=400&hei=500&op_usm=1.75%2C0.3%2C2%2C0;;;;;;;;;;
1376705,CASQUETTE,Femme,ACCESSOIRE,UNDER ARMOUR,PRINTEMPS 25,,,35,35,1,1,Oui,5,https://underarmour.scene7.com/is/image/Underarmour/V5-1376705-410_FC?rp=standard-0pad%7Cpdp&qlt=85&bgc=f0f0f0&wid=800&hei=1000&op_usm=1.75%2C0.3%2C2%2C0 ; https://underarmour.scene7.com/is/image/Underarmour/1376705-100_SLF_SL?rp=standard-0pad%7CcartFullDesktop&qlt=85&bgc=f0f0f0&wid=400&hei=500&op_usm=1.75%2C0.3%2C2%2C0 ; https://underarmour.scene7.com/is/image/Underarmour/1376705-410_SLF_SL?rp=standard-0pad%7Cpdp&qlt=85&bgc=f0f0f0&wid=800&hei=1000&op_usm=1.75%2C0.3%2C2%2C0 ; https://underarmour.scene7.com/is/image/Underarmour/1376705-659_SLF_SL?rp=standard-0pad%7CcartFullDesktop&qlt=85&bgc=f0f0f0&wid=400&hei=500&op_usm=1.75%2C0.3%2C2%2C0 ; https://contents.mediadecathlon.com/m20932443/k$d95f1de9a849a48afa319f047e8e7b96/picture.jpg;;;;;;;;;;;;
1376700,CASQUETTE,Homme,ACCESSOIRE,UNDER ARMOUR,PRINTEMPS 25,,,35,35,2,1,Oui,5,https://underarmour.scene7.com/is/image/Underarmour/1376700-100_SLF_SL?rp=standard-0pad%7Cpdp&qlt=85&bgc=f0f0f0&wid=800&hei=1000&op_usm=1.75%2C0.3%2C2%2C0 ; https://products.blains.com/600/143/1434998.jpg ; https://underarmour.scene7.com/is/image/Underarmour/1376700-100_SLB_SL?rp=standard-0pad%7Cpdp&qlt=85&bgc=f0f0f0&wid=800&hei=1000&op_usm=1.75%2C0.3%2C2%2C0 ; https://underarmour.scene7.com/is/image/Underarmour/1376700-600_SLF_SL?rp=standard-0pad%7CcartFullDesktop&qlt=85&bgc=f0f0f0&wid=400&hei=500&op_usm=1.75%2C0.3%2C2%2C0 ; https://underarmour.scene7.com/is/image/Underarmour/1376700-390_SLF_SL?rp=standard-0pad%7CcartFullDesktop&qlt=85&bgc=f0f0f0&wid=400&hei=500&op_usm=1.75%2C0.3%2C2%2C0;;;;;;;;;;;;
1374606,POLY,Homme,PANTALON,UNDER ARMOUR,PRINTEMPS 2026,28;30;32;33;34;36;38;40; 42,GRIS; MARINE; BLEU,80,80,34,26,Oui,5,https://underarmour.scene7.com/is/image/Underarmour/V5-1374606-014_FC?rp=standard-0pad%7CpdpMainDesktop&scl=1&fmt=jpg&qlt=85&resMode=sharp2&cache=on%2Con&bgc=F0F0F0&wid=566&hei=708&size=566%2C708 ; https://epicsports.cachefly.net/i/f/231477/46558/500/image.jpg ; https://underarmour.scene7.com/is/image/Underarmour/PS1374606-035_HB?rp=standard-0pad%7Cpdp&qlt=85&bgc=f0f0f0&wid=800&hei=1000&op_usm=1.75%2C0.3%2C2%2C0 ; https://epicsports.cachefly.net/i/fs/231477/133538/500/2/image.jpg ; https://underarmour.scene7.com/is/image/Underarmour/V5-1374606-014_BPKT?rp=standard-0pad%7CpdpMainDesktop&scl=1&fmt=jpg&qlt=85&resMode=sharp2&cache=on%2Con&bgc=F0F0F0&wid=566&hei=708&size=566%2C708;;
1373974,COL ROND POLY,Femme,CHANDAIL M.C.,UNDER ARMOUR,PRINTEMPS 25,XS; S; M; L,ROSE,50,50,1,4,Non,0,;;;;;;;;;;;;;
1373718,POLY,Homme,SHORT,UNDER ARMOUR,PRINTEMPS 25,S; M; L; XL,GRIS; NOIR,60,60,7,8,Oui,5,https://underarmour.scene7.com/is/image/Underarmour/V5-1373718-001_FC?rp=standard-0pad%7CcartFullDesktop&qlt=85&bgc=f0f0f0&wid=400&hei=500&op_usm=1.75%2C0.3%2C2%2C0 ; https://underarmour.scene7.com/is/image/Underarmour/V5-1373718-714_WSTBND?rp=standard-0pad%7Cpdp&qlt=85&bgc=f0f0f0&wid=800&hei=1000&op_usm=1.75%2C0.3%2C2%2C0 ; https://underarmour.scene7.com/is/image/Underarmour/V5-1373718-587_FC?rp=standard-0pad%7CcartFullDesktop&qlt=85&bgc=f0f0f0&wid=400&hei=500&op_usm=1.75%2C0.3%2C2%2C0 ; https://www.e-tennis.com/media/catalog/product/cache/2be71259c8771047824054c4bbd05762/s/7/s7.v5-1373718-014_fc.jpg ; https://underarmour.scene7.com/is/image/Underarmour/V5-1373718-714_BC?rp=standard-0pad%7Cpdp&qlt=85&bgc=f0f0f0&wid=800&hei=1000&op_usm=1.75%2C0.3%2C2%2C0;;;;;;;;
1373357,FULL ZIP POLY,Homme,HOODIE,UNDER ARMOUR,PRINTEMPS 25,S; M; L; XL; XXL,NOIR,85,85,6,5,Oui,5,https://underarmour.scene7.com/is/image/Underarmour/V5-1373357-001_FC?rp=standard-0pad%7Cpdp&qlt=85&bgc=f0f0f0&wid=800&hei=1000&op_usm=1.75%2C0.3%2C2%2C0 ; https://underarmour.scene7.com/is/image/Underarmour/PS1373357-001_HF?rp=standard-0pad%7Cpdp&qlt=85&bgc=f0f0f0&wid=800&hei=1000&op_usm=1.75%2C0.3%2C2%2C0 ; https://underarmour.scene7.com/is/image/Underarmour/V5-1373357-001_INTFAB?rp=standard-0pad%7Cpdp&qlt=85&bgc=f0f0f0&wid=800&hei=1000&op_usm=1.75%2C0.3%2C2%2C0 ; https://underarmour.scene7.com/is/image/Underarmour/V5-1373357-001_BC?rp=standard-0pad%7Cpdp&qlt=85&bgc=f0f0f0&wid=800&hei=1000&op_usm=1.75%2C0.3%2C2%2C0 ; https://underarmour.scene7.com/is/image/Underarmour/V5-1373357-025_FC?rp=standard-0pad%7CcartFullDesktop&qlt=85&bgc=f0f0f0&wid=400&hei=500&op_usm=1.75%2C0.3%2C2%2C0;;;;;;;;
1373354,POLY,Homme,HOODIE,UNDER ARMOUR,PRINTEMPS 25,S; M; L; XL; XXL,BLEU; GRIS;" BRUN,70,70,16,14,Oui,5,""https://workingperson.com/media/catalog/product/v/5/v5-1373354-001_fcedit.jpg?optimize=medium&bg-color=255,255,255&fit=bounds&height=&width= "; https://underarmour.scene7.com/is/image/Underarmour/V5-1373354-410_FC?rp=standard-0pad%7CcartFullDesktop&qlt=85&bgc=f0f0f0&wid=400&hei=500&op_usm=1.75%2C0.3%2C2%2C0 ; https://underarmour.scene7.com/is/image/Underarmour/V5-1373354-390_BC?rp=standard-0pad%7Cpdp&qlt=85&bgc=f0f0f0&wid=800&hei=1000&op_usm=1.75%2C0.3%2C2%2C0 ; https://workingperson.com/media/catalog/product/v/5/v5-1373354-001_hoodedit.jpg?optimize=medium&bg-color=255,255,255&fit=bounds&height=700&width=700&canvas=700:700 ;" https://underarmour.scene7.com/is/image/Underarmour/V5-1373354-600_FC?rp=standard-0pad%7CcartFullDesktop&qlt=85&bgc=f0f0f0&wid=400&hei=500&op_usm=1.75%2C0.3%2C2%2C0""";;;;;;
1373155,TUQUE,Homme,ACCESSOIRE,UNDER ARMOUR,AUTOMNE 25,,,30,30,3,1,Oui,5,https://underarmour.scene7.com/is/image/Underarmour/1373155-005_SLF_SL?rp=standard-0pad%7CcartFullDesktop&qlt=85&bgc=f0f0f0&wid=400&hei=500&op_usm=1.75%2C0.3%2C2%2C0 ; https://underarmour.scene7.com/is/image/Underarmour/1373155-391_SLF_SL?rp=standard-0pad%7Cpdp&qlt=85&bgc=f0f0f0&wid=800&hei=1000&op_usm=1.75%2C0.3%2C2%2C0 ; https://underarmour.scene7.com/is/image/Underarmour/1373155-391_SLB_SL?rp=standard-0pad%7Cpdp&qlt=85&bgc=f0f0f0&wid=800&hei=1000&op_usm=1.75%2C0.3%2C2%2C0 ; https://i.ebayimg.com/images/g/K0oAAeSwEeNp67Lw/s-l400.jpg ; https://underarmour.scene7.com/is/image/Underarmour/V5-1373155-391_FC?rp=standard-0pad%7Cpdp&qlt=85&bgc=f0f0f0&wid=800&hei=1000&op_usm=1.75%2C0.3%2C2%2C0;;;;;;;;;;;;
1369974,POLY,Fille,LEGGING,UNDER ARMOUR,PRINTEMPS 2026,S; M; L,NOIR,35,35,6,3,Oui,5,https://underarmour.scene7.com/is/image/Underarmour/V5-1369974-600_FC?rp=standard-0pad%7Cpdp&qlt=85&bgc=f0f0f0&wid=800&hei=1000&op_usm=1.75%2C0.3%2C2%2C0 ; https://underarmour.scene7.com/is/image/Underarmour/V5-1369974-001_FC?rp=standard-0pad%7CcartFullDesktop&qlt=85&bgc=f0f0f0&wid=400&hei=500&op_usm=1.75%2C0.3%2C2%2C0 ; https://underarmour.scene7.com/is/image/Underarmour/V5-1369974-600_FSF?rp=standard-0pad%7Cpdp&qlt=85&bgc=f0f0f0&wid=800&hei=1000&op_usm=1.75%2C0.3%2C2%2C0 ; https://underarmour.scene7.com/is/image/Underarmour/PS1369974-672_HF?rp=standard-0pad%7CcartFullDesktop&qlt=85&bgc=f0f0f0&wid=400&hei=500&op_usm=1.75%2C0.3%2C2%2C0 ; https://underarmour.scene7.com/is/image/Underarmour/V5-1369974-600_BC?rp=standard-0pad%7CcartFullDesktop&qlt=85&bgc=f0f0f0&wid=400&hei=500&op_usm=1.75%2C0.3%2C2%2C0;;;;;;;;;;
1369790,CASQUETTE,Femme,ACCESSOIRE,UNDER ARMOUR,PRINTEMPS 25,,,25,25,0,1,Oui,5,https://underarmour.scene7.com/is/image/Underarmour/V5-1369790-104_FC?rp=standard-0pad%7CpdpMainDesktop&scl=1&fmt=jpg&qlt=85&resMode=sharp2&cache=on%2Con&bgc=F0F0F0&wid=566&hei=708&size=566%2C708 ; https://underarmour.scene7.com/is/image/Underarmour/1369790-104_SLF_SL?rp=standard-0pad%7CpdpMainDesktop&scl=1&fmt=jpg&qlt=85&resMode=sharp2&cache=on%2Con&bgc=F0F0F0&wid=566&hei=708&size=566%2C708 ; https://underarmour.scene7.com/is/image/Underarmour/V5-1369790-006_FC?rp=standard-0pad%7Cpdp&qlt=85&bgc=f0f0f0&wid=800&hei=1000&op_usm=1.75%2C0.3%2C2%2C0 ; https://sansirosports.com/wp-content/uploads/2024/03/1369790-102_3.jpg ; https://underarmour.scene7.com/is/image/Underarmour/1369790-003_SLF_SL?rp=standard-0pad%7CcartFullDesktop&qlt=85&bgc=f0f0f0&wid=400&hei=500&op_usm=1.75%2C0.3%2C2%2C0;;;;;;;;;;;;
1369783,CASQUETTE,Homme,ACCESSOIRE,UNDER ARMOUR,PRINTEMPS 25,,,25,25,1,1,Non,0,;;;;;;;;;;;;;;;;
1369773,POLY,Femme,LEGGING,UNDER ARMOUR,PRINTEMPS 25,XS; S; M; L; XL,NOIR,80,80,5,5,Oui,5,https://cdn.shopify.com/s/files/1/0267/2315/6143/products/s7.V5-1369773-001_FC.png?v=1678709832 ; https://cdn.shopify.com/s/files/1/0267/2315/6143/products/s7.V5-1369773-001_BC_1000x1000.png.webp?v=1678709832 ; https://underarmour.scene7.com/is/image/Underarmour/V5-1369771-348_BC?rp=standard-0pad%7Cpdp&qlt=85&bgc=f0f0f0&wid=800&hei=1000&op_usm=1.75%2C0.3%2C2%2C0 ; https://contents.mediadecathlon.com/m33725814/k$9ca131d34a25d9b29eb2d2800ed0d15f/picture.jpg?format=auto&f=3000x0 ; https://underarmour.scene7.com/is/image/Underarmour/V5-1369772-044_FC?rp=standard-0pad%7Cpdp&qlt=85&bgc=f0f0f0&wid=800&hei=1000&op_usm=1.75%2C0.3%2C2%2C0;;;;;;;;
1369223,SAC,Unisexe,ACCESSOIRE,UNDER ARMOUR,PRINTEMPS 25,M,NOIR; ROSE,60,60,1,2,Oui,5,https://underarmour.scene7.com/is/image/Underarmour/1369223-290_SLF_SL?rp=standard-0pad%7Cpdp&qlt=85&bgc=f0f0f0&wid=800&hei=1000&op_usm=1.75%2C0.3%2C2%2C0 ; https://i.ebayimg.com/images/g/mXQAAOSwaxtl81s-/s-l400.jpg ; https://theparkwholesale.com/cdn/shop/files/Under_Armour_1369223_Black-_Metallic_Silver_Front_High_1024x.jpg?v=1754928753 ; https://cdn11.bigcommerce.com/s-e7wr5xw2bd/images/stencil/1280x1280/products/4519/16593/1369223-001-Under-Armour-Mens-Womens-UA-Undeniable-5-0-Medium-Duffle-Bag-Kowear-07__28420.1660911070.jpg?c=1?imbypass=on ; https://cdn.ssactivewear.com/Images/Color/127693_b_fl.jpg;;;;;;;;;;;
1369222,SAC,Unisexe,ACCESSOIRE,UNDER ARMOUR,PRINTEMPS 25,S,NOIR,55,55,2,1,Oui,5,https://cdn.ssactivewear.com/Images/Color/127685_f_fl.jpg ; https://underarmour.scene7.com/is/image/Underarmour/1369222-290_SLF_SL?rp=standard-0pad%7Cpdp&qlt=85&bgc=f0f0f0&wid=800&hei=1000&op_usm=1.75%2C0.3%2C2%2C0 ; https://underarmour.scene7.com/is/image/Underarmour/1369222-012_SLF_SL?rp=standard-0pad%7CcartFullDesktop&qlt=85&bgc=f0f0f0&wid=400&hei=500&op_usm=1.75%2C0.3%2C2%2C0 ; https://underarmour.scene7.com/is/image/Underarmour/V5-1369222-290_FC?rp=standard-0pad%7Cpdp&qlt=85&bgc=f0f0f0&wid=800&hei=1000&op_usm=1.75%2C0.3%2C2%2C0 ; https://underarmour.scene7.com/is/image/Underarmour/1369222-290_SLB_SL?rp=standard-0pad%7Cpdp&qlt=85&bgc=f0f0f0&wid=800&hei=1000&op_usm=1.75%2C0.3%2C2%2C0;;;;;;;;;;;;
1369221,SAC,Unisexe,ACCESSOIRE,UNDER ARMOUR,PRINTEMPS 25,XS; S; M,NOIR,50,50,0,3,Oui,5,https://underarmour.scene7.com/is/image/Underarmour/1369221-291_SLF_SL?rp=standard-0pad%7Cpdp&qlt=85&bgc=f0f0f0&wid=800&hei=1000&op_usm=1.75%2C0.3%2C2%2C0 ; https://cdn.ssactivewear.com/Images/Color/127627_b_fl.jpg ; https://underarmour.scene7.com/is/image/Underarmour/1369221-001_SLF_SL?rp=standard-0pad%7CcartFullDesktop&qlt=85&bgc=f0f0f0&wid=400&hei=500&op_usm=1.75%2C0.3%2C2%2C0 ; https://underarmour.scene7.com/is/image/Underarmour/V5-1369221-291_FC?rp=standard-0pad%7Cpdp&qlt=85&bgc=f0f0f0&wid=800&hei=1000&op_usm=1.75%2C0.3%2C2%2C0 ; https://underarmour.scene7.com/is/image/Underarmour/1369221-648_SLF_SL?rp=standard-0pad%7CcartFullDesktop&qlt=85&bgc=f0f0f0&wid=400&hei=500&op_usm=1.75%2C0.3%2C2%2C0;;;;;;;;;;
1366119,POLY,Fille,LEGGING,UNDER ARMOUR,PRINTEMPS 2026,S; M; L,NOIR,40,40,6,3,Oui,5,https://underarmour.scene7.com/is/image/Underarmour/PS1366119-001_HF?rp=standard-0pad%7Cpdp&qlt=85&bgc=f0f0f0&wid=800&hei=1000&op_usm=1.75%2C0.3%2C2%2C0 ; https://underarmour.scene7.com/is/image/Underarmour/PS1366119-001_HB?rp=standard-0pad%7Cpdp&qlt=85&bgc=f0f0f0&wid=800&hei=1000&op_usm=1.75%2C0.3%2C2%2C0 ; https://i.ebayimg.com/00/s/MTYwMFg1ODI=/z/AG0AAOSwy7djhAjB/$_57.JPG?set_id=880000500F ; https://underarmour.scene7.com/is/image/Underarmour/PS1366119-672_HF?rp=standard-0pad%7CcartFullDesktop&qlt=85&bgc=f0f0f0&wid=400&hei=500&op_usm=1.75%2C0.3%2C2%2C0 ; https://underarmour.scene7.com/is/image/Underarmour/SS22_YTH_Girls_MotionBottoms_Site_5_4_2?qlt=85&wid=1440&hei=1152;;;;;;;;;;
1366066,COL MOCK POLY,Homme,CHANDAIL M.L.,UNDER ARMOUR,PRINTEMPS 25,S; M; L; XL; XXL,NOIR; BLANC,65,65,11,10,Oui,5,https://underarmour.scene7.com/is/image/Underarmour/V5-1366066-100_FC?rp=standard-0pad%7Cpdp&qlt=85&bgc=f0f0f0&wid=800&hei=1000&op_usm=1.75%2C0.3%2C2%2C0 ; https://cdn11.bigcommerce.com/s-a0f6sfml69/images/stencil/1280x1280/products/11204/1372894/s7.ps1366066-410_hf__27526.1776278038.jpg?c=1 ; https://underarmour.scene7.com/is/image/Underarmour/V5-1366066-001_FC?rp=standard-0pad%7CcartFullDesktop&qlt=85&bgc=f0f0f0&wid=400&hei=500&op_usm=1.75%2C0.3%2C2%2C0 ; https://cdn11.bigcommerce.com/s-a0f6sfml69/images/stencil/1280x1280/products/11204/1372892/s7.ps1366066-390_hf__84931.1776278037.jpg?c=1 ; https://cdn11.bigcommerce.com/s-a0f6sfml69/images/stencil/1280x1280/products/11204/1372891/s7.ps1366066-020_hb__42633.1776278037.jpg?c=1;;;;;;;
1366028,DEMI ZIP POLY,Femme,CHANDAIL M.L.,UNDER ARMOUR,PRINTEMPS 2026,XS; S; M; L; XL; XXL,BLEU; NOIR; KAKI; BORDEAUX; LILAS,65,65,11,26,Non,0,;;;;;;;
1306443,POLY,Homme,SHORT,UNDER ARMOUR,PRINTEMPS 2026,S; M; L; XL; XXL; 3XL,GRIS; NOIR; VERT,35,35,14,15,Oui,5,https://underarmour.scene7.com/is/image/Underarmour/V5-1306443-390_FC?rp=standard-0pad%7Cpdp&qlt=85&bgc=f0f0f0&wid=800&hei=1000&op_usm=1.75%2C0.3%2C2%2C0 ; https://cdn.shopify.com/s/files/1/0312/6537/products/1306443-409-F_640x640.jpg.webp?v=1579182653 ; https://i.ebayimg.com/images/g/OfkAAOSw1oBij-Gd/s-l1200.jpg ; https://i.ebayimg.com/images/g/i~UAAOSw-f5jGiLq/s-l1200.jpg ; https://cdn.shopify.com/s/files/1/0532/6720/2223/files/1306443-001-1.jpg?v=1714062504;;;;;
1365460,COL ROND POLY,Femme,CHANDAIL M.C.,UNDER ARMOUR,PRINTEMPS 25,S; M; L; XL; XXL,BLANC,35,35,3,5,Oui,5,https://underarmour.scene7.com/is/image/Underarmour/V5-1365460-526_FC?rp=standard-0pad%7CcartFullDesktop&qlt=85&bgc=f0f0f0&wid=400&hei=500&op_usm=1.75%2C0.3%2C2%2C0 ; https://underarmour.scene7.com/is/image/Underarmour/V5-1365460-044_FC?rp=standard-0pad%7CcartFullDesktop&qlt=85&bgc=f0f0f0&wid=400&hei=500&op_usm=1.75%2C0.3%2C2%2C0 ; https://underarmour.scene7.com/is/image/Underarmour/V5-1365460-101_FC?rp=standard-0pad%7Cpdp&qlt=85&bgc=f0f0f0&wid=800&hei=1000&op_usm=1.75%2C0.3%2C2%2C0 ; https://underarmour.scene7.com/is/image/Underarmour/V5-1365460-500_FC?rp=standard-0pad%7CcartFullDesktop&qlt=85&bgc=f0f0f0&wid=400&hei=500&op_usm=1.75%2C0.3%2C2%2C0 ; https://underarmour.scene7.com/is/image/Underarmour/V5-1365460-637_FC?rp=standard-0pad%7CcartFullDesktop&qlt=85&bgc=f0f0f0&wid=400&hei=500&op_usm=1.75%2C0.3%2C2%2C0;;;;;;;;
1365336,POLY,Femme,PANTALON,UNDER ARMOUR,PRINTEMPS 2026,XS; S; M; L; XL,NOIR; VERT,60,60,10,9,Oui,5,https://underarmour.scene7.com/is/image/Underarmour/V5-1365336-020_FC?rp=standard-0pad%7CcartFullDesktop&qlt=85&bgc=f0f0f0&wid=400&hei=500&op_usm=1.75%2C0.3%2C2%2C0 ; https://underarmour.scene7.com/is/image/Underarmour/V5-1365336-477_FC?rp=standard-0pad%7CcartFullDesktop&qlt=85&bgc=f0f0f0&wid=400&hei=500&op_usm=1.75%2C0.3%2C2%2C0 ; https://underarmour.scene7.com/is/image/Underarmour/V5-1365336-477_BC?rp=standard-0pad%7Cpdp&qlt=85&bgc=f0f0f0&wid=800&hei=1000&op_usm=1.75%2C0.3%2C2%2C0 ; https://www.e-tennis.com/media/catalog/product/cache/9f6a0f2a2b1968473f9efdabe1103d96/1/3/1365336-001.webp ; https://www.e-tennis.com/media/catalog/product/cache/9f6a0f2a2b1968473f9efdabe1103d96/1/3/1365336-001-under-armour-hirise-no-slip-women-s-tight-pants-black-white-e.webp;;;;;;;
1365335,POLY,Homme,LEGGING,UNDER ARMOUR,PRINTEMPS 2026,XS; S; M; L;" XL,NOIR,55,55,3,5,Oui,5,""https://herroom.scene7.com/is/image/Andraweb/under-armour-ua01-1365335-gs?wid=935&hei=1020&op_usm=1,1,0,0&fmt=webp "; https://underarmour.scene7.com/is/image/Underarmour/V5-1365335-308_FC?rp=standard-0pad%7Cpdp&qlt=85&bgc=f0f0f0&wid=800&hei=1000&op_usm=1.75%2C0.3%2C2%2C0 ; https://herroom.scene7.com/is/image/Andraweb/under-armour-ua01-1365335-fs?wid=935&hei=1020&op_usm=1,1,0,0&fmt=webp ; https://underarmour.scene7.com/is/image/Underarmour/V5-1365335-308_BC?rp=standard-0pad%7Cpdp&qlt=85&bgc=f0f0f0&wid=800&hei=1000&op_usm=1.75%2C0.3%2C2%2C0 ;" https://herroom.scene7.com/is/image/Andraweb/under-armour-ua01-1365335-bs?wid=935&hei=1020&op_usm=1,1,0,0&fmt=webp""";;;;;;;;
1365334,POLY,Femme,LEGGING,UNDER ARMOUR,PRINTEMPS 2026,XS; S; M; L; XL,NOIR,50,50,5,5,Oui,5,https://i.ebayimg.com/images/g/qIwAAOSwt65gbl99/s-l1200.jpg ; https://i1.t4s.cz/products/1365334-001/under-armour-under-armour-hi-capri-323491-1365334-001.png ; https://i.ebayimg.com/images/g/KdYAAOSwvfFgbl9~/s-l1200.jpg ; https://i5.walmartimages.com/asr/30e7fcf8-2d01-4e0d-8da7-d75598775940.03c3957bb857897dde62bedcc5fba31c.jpeg?odnHeight=768&odnWidth=768&odnBg=FFFFFF ; https://underarmour.com.ph/cdn/shop/files/s7.PS1365334-001_HF_2048x.jpg?v=1753860732;;;;;;;;
1364934,5 POCHES POLY,Homme,PANTALON,UNDER ARMOUR,PRINTEMPS 25,30;32;34;36; 38,NOIR,100,100,5,8,Oui,5,https://underarmour.scene7.com/is/image/Underarmour/V5-1364934-044_FC?rp=standard-0pad%7CcartFullDesktop&qlt=85&bgc=f0f0f0&wid=400&hei=500&op_usm=1.75%2C0.3%2C2%2C0 ; https://underarmour.scene7.com/is/image/Underarmour/PS1364934-289_HF?rp=standard-0pad%7Cpdp&qlt=85&bgc=f0f0f0&wid=800&hei=1000&op_usm=1.75%2C0.3%2C2%2C0 ; https://underarmour.scene7.com/is/image/Underarmour/PS1364934-289_HB?rp=standard-0pad%7Cpdp&qlt=85&bgc=f0f0f0&wid=800&hei=1000&op_usm=1.75%2C0.3%2C2%2C0 ; https://underarmour.scene7.com/is/image/Underarmour/V5-1364934-289_FC?rp=standard-0pad%7Cpdp&qlt=85&bgc=f0f0f0&wid=800&hei=1000&op_usm=1.75%2C0.3%2C2%2C0 ; https://d3d71ba2asa5oz.cloudfront.net/12014201/images/ps1364934-001_hf.jpg;;;;;;;;
1364409,POLY,Homme,SHORT,UNDER ARMOUR,PRINTEMPS 25,30;32;34;36; 38,BLEU; NOIR,85,85,2,19,Oui,5,https://underarmour.scene7.com/is/image/Underarmour/V5-1364409-110_FC?rp=standard-0pad%7Cpdp&qlt=85&bgc=f0f0f0&wid=800&hei=1000&op_usm=1.75%2C0.3%2C2%2C0 ; https://d3d71ba2asa5oz.cloudfront.net/12014201/images/1364409-001.jpg ; https://underarmour.scene7.com/is/image/Underarmour/V5-1364409-110_PKT?rp=standard-0pad%7Cpdp&qlt=85&bgc=f0f0f0&wid=800&hei=1000&op_usm=1.75%2C0.3%2C2%2C0 ; https://underarmour.scene7.com/is/image/Underarmour/V5-1364409-410_FC?rp=standard-0pad%7CcartFullDesktop&qlt=85&bgc=f0f0f0&wid=400&hei=500&op_usm=1.75%2C0.3%2C2%2C0 ; https://underarmour.scene7.com/is/image/Underarmour/V5-1364409-001_FC?rp=standard-0pad%7CcartFullDesktop&qlt=85&bgc=f0f0f0&wid=400&hei=500&op_usm=1.75%2C0.3%2C2%2C0;;;;;;;
1363284,COL ROND POLY,Garçon,CHANDAIL M.C.,UNDER ARMOUR,PRINTEMPS 2026,XS; S; M; L; XL,BLEU; KAKI; VERT,25,25,23,15,Oui,5,https://tenniszon.com/cdn/shop/files/1363284-453-A.webp?v=1747091565&width=1920 ; https://underarmour.scene7.com/is/image/Underarmour/PS1363284-482_HF?rp=standard-0pad%7CcartFullDesktop&qlt=85&bgc=f0f0f0&wid=400&hei=500&op_usm=1.75%2C0.3%2C2%2C0 ; https://tenniszon.com/cdn/shop/files/1363284-434-A_grande.webp?v=1723479484 ; https://underarmour.scene7.com/is/image/Underarmour/PS1363284-100_HF?rp=standard-0pad%7Cpdp&qlt=85&bgc=f0f0f0&wid=800&hei=1000&op_usm=1.75%2C0.3%2C2%2C0 ; https://underarmour.scene7.com/is/image/Underarmour/PS1363284-391_HF?rp=standard-0pad%7CcartFullDesktop&qlt=85&bgc=f0f0f0&wid=400&hei=500&op_usm=1.75%2C0.3%2C2%2C0;;;;;;
1361903,COL ROND COTON,Homme,CHANDAIL M.C.,UNDER ARMOUR,AUTOMNE 25,S; M; L; XL; XXL,BEIGE; VERT; CREME,35,35,2,13,Oui,5,https://cdn11.bigcommerce.com/s-a0f6sfml69/images/stencil/1280x1280/products/11227/1518042/s7.ps1361903-504_hf__28776.1776275994.jpg?c=1 ; https://underarmour.scene7.com/is/image/Underarmour/V5-1361903-014_FC?rp=standard-0pad%7CcartFullDesktop&qlt=85&bgc=f0f0f0&wid=400&hei=500&op_usm=1.75%2C0.3%2C2%2C0 ; https://cdn11.bigcommerce.com/s-a0f6sfml69/images/stencil/1280x1280/products/11227/1373094/s7.ps1361903-391_hf__84664.1776275994.jpg?c=1 ; https://underarmour.scene7.com/is/image/Underarmour/V5-1361903-014_BC?rp=standard-0pad%7Cpdp&qlt=85&bgc=f0f0f0&wid=800&hei=1000&op_usm=1.75%2C0.3%2C2%2C0 ; https://cdn11.bigcommerce.com/s-a0f6sfml69/images/stencil/1280x1280/products/11227/1518096/s7.v5-1361903-300_fc__11870.1776275995.jpg?c=1;;;;;;
1361673,COL ROND POLY,Homme,CHANDAIL M.C.,UNDER ARMOUR,PRINTEMPS 25,S; M; L; XL; XXL,BLEU; BEIGE,30,30,5,9,Oui,5,https://cdn11.bigcommerce.com/s-a0f6sfml69/images/stencil/1280x1280/products/11265/1406289/s7.ps1361673-498_hf__46666.1715206885.jpg?c=1 ; https://cdn11.bigcommerce.com/s-a0f6sfml69/images/stencil/1280x1280/products/11265/1373371/1361673-parent__51194.1715206883.jpg?c=1 ; https://cdn11.bigcommerce.com/s-a0f6sfml69/images/stencil/1280x1280/products/11265/1386372/s7.ps1361673-432_hf__12814.1715206885.jpg?c=1 ; https://sansirosports.com/wp-content/uploads/2025/03/1361673-452.png ; https://d3d71ba2asa5oz.cloudfront.net/12024209/images/s7.ps1361673-001_hf.jpg;;;;;;;
1361596,POLY,Homme,SHORT,UNDER ARMOUR,PRINTEMPS 2026,M; L;" XL,NOIR,35,35,3,3,Oui,5,""https://cdn11.bigcommerce.com/s-dvvakqujk6/products/35740/images/6995058/1361596-001_UNDE_BKWH_BlackWhite_S_EA1__61520.1784834805.386.513.jpg?c=2 "; https://underarmour.scene7.com/is/image/Underarmour/V5-1361596-100_FC?rp=standard-0pad%7Cpdp&qlt=85&bgc=f0f0f0&wid=800&hei=1000&op_usm=1.75%2C0.3%2C2%2C0 ; https://i.ebayimg.com/00/s/MTAwMFgxMDAw/z/gYEAAeSw3bppxIdD/$_1.JPG?set_id=8800005007 ; https://cdn11.bigcommerce.com/s-a0f6sfml69/images/stencil/1280x1280/products/11211/1372950/s7.ps1361596-600_hf__78038.1776278028.jpg?c=1 ;" https://herroom.scene7.com/is/image/Andraweb/under-armour-ua01-1361596-gs?wid=935&hei=1020&op_usm=1,1,0,0&fmt=webp""";;;;;;;;;;
1361586,POLY,Homme,LEGGING,UNDER ARMOUR,PRINTEMPS 25,S; M; L; XL; XXL,NOIR; GRIS,40,40,13,8,Oui,5,https://underarmour.scene7.com/is/image/Underarmour/V5-1361586-100_FC?rp=standard-0pad%7Cpdp&qlt=85&bgc=f0f0f0&wid=800&hei=1000&op_usm=1.75%2C0.3%2C2%2C0 ; https://underarmour.scene7.com/is/image/Underarmour/V5-1361586-001_FC?rp=standard-0pad%7CcartFullDesktop&qlt=85&bgc=f0f0f0&wid=400&hei=500&op_usm=1.75%2C0.3%2C2%2C0 ; https://underarmour.scene7.com/is/image/Underarmour/PS1361586-100_HF?rp=standard-0pad%7Cpdp&qlt=85&bgc=f0f0f0&wid=800&hei=1000&op_usm=1.75%2C0.3%2C2%2C0 ; https://underarmour.scene7.com/is/image/Underarmour/V5-1361586-100_FSF?rp=standard-0pad%7Cpdp&qlt=85&bgc=f0f0f0&wid=800&hei=1000&op_usm=1.75%2C0.3%2C2%2C0 ; https://cdn11.bigcommerce.com/s-dvvakqujk6/images/stencil/500x659/products/35738/6967991/1361586-001_UNDE_BKWH_Black_S_EA1__04531.1781569942.jpg?c=2;;;;;;;
1361524,COL ROND POLY,Homme,CHANDAIL M.L.,UNDER ARMOUR,PRINTEMPS 25,S; M; L; XL; XXL,GRIS; BLANC,40,40,10,8,Oui,5,https://cdn11.bigcommerce.com/s-a0f6sfml69/images/stencil/1280x1280/products/11212/1372964/s7.ps1361524-410_hf__23735.1776278035.jpg?c=1 ; https://cdn11.bigcommerce.com/s-a0f6sfml69/images/stencil/1280x1280/products/11212/1372955/s7.ps1361524-001_hb__48257.1776278033.jpg?c=1 ; https://cdn11.bigcommerce.com/s-a0f6sfml69/images/stencil/1280x1280/products/11212/1372960/s7.ps1361524-301_hf__43995.1776278034.jpg?c=1 ; https://i.ebayimg.com/images/g/cw8AAeSwN~poNUId/s-l1200.jpg ; https://underarmour.scene7.com/is/image/Underarmour/V5-1361524-001_FC?rp=standard-0pad%7CcartFullDesktop&qlt=85&bgc=f0f0f0&wid=400&hei=500&op_usm=1.75%2C0.3%2C2%2C0;;;;;;;
1361522,POLY,Homme,CAMISOLE,UNDER ARMOUR,PRINTEMPS 25,S; M; L; XL; XXL,NOIR,35,35,2,5,Oui,5,https://underarmour.scene7.com/is/image/Underarmour/V5-1361522-100_FC?rp=standard-0pad%7Cpdp&qlt=85&bgc=f0f0f0&wid=800&hei=1000&op_usm=1.75%2C0.3%2C2%2C0 ; https://i.ebayimg.com/images/g/qGwAAOSwk45mF8xG/s-l1200.jpg ; https://i.ebayimg.com/images/g/vy0AAOSwHOdmF8xH/s-l1200.jpg ; https://underarmour.scene7.com/is/image/Underarmour/PS1361522-100_HB?rp=standard-0pad%7Cpdp&qlt=85&bgc=f0f0f0&wid=800&hei=1000&op_usm=1.75%2C0.3%2C2%2C0 ; https://img.auctiva.com/imgdata/9/7/0/2/0/2/webimg/1085380798_tp.jpg;;;;;;;;
1290140,POLY,Homme,POLO M.C.,UNDER ARMOUR,PRINTEMPS 2026,S; M; L; XL; XXL,ROUGE; BLEU; ORANGE; VERT; SAUMON,55,55,8,20,Oui,5,https://cdn.shopify.com/s/files/1/0312/6537/products/1290140_Black_Graphite_Graphite-F_640x640.jpg.webp?v=1576264393 ; https://underarmour.scene7.com/is/image/Underarmour/V5-1290140-069_FC?rp=standard-0pad%7CcartFullDesktop&qlt=85&bgc=f0f0f0&wid=400&hei=500&op_usm=1.75%2C0.3%2C2%2C0 ; https://www.merchology.com/cdn/shop/products/1290140_Royal_Graphite_Graphite-F_1024x1024.jpg?v=1571269329 ; https://underarmour.scene7.com/is/image/Underarmour/V5-1290140-100_CHDET?rp=standard-0pad%7Cpdp&qlt=85&bgc=f0f0f0&wid=800&hei=1000&op_usm=1.75%2C0.3%2C2%2C0 ; https://d3d71ba2asa5oz.cloudfront.net/12024209/images/1290140-parent_007__1.jpg;;;;
1361518,COL ROND COTON,Homme,CHANDAIL M.C.,UNDER ARMOUR,PRINTEMPS 25,M; L; XL; XXL,GRIS; NOIR; OLIVE; CREME; MARINE; VERT,35,35,4,14,Oui,5,https://cdn.shopify.com/s/files/1/0312/6537/products/1361518-Carbon-Heather-Black-F_640x640.jpg.webp?v=1635282401 ; https://underarmour.scene7.com/is/image/Underarmour/V5-1361518-203_FC?rp=standard-0pad%7CcartFullDesktop&qlt=85&bgc=f0f0f0&wid=400&hei=500&op_usm=1.75%2C0.3%2C2%2C0 ; https://underarmour.scene7.com/is/image/Underarmour/V5-1361518-390_FC?rp=standard-0pad%7CcartFullDesktop&qlt=85&bgc=f0f0f0&wid=400&hei=500&op_usm=1.75%2C0.3%2C2%2C0 ; https://cdn11.bigcommerce.com/s-a0f6sfml69/images/stencil/1280x1280/products/11176/1372563/1361518-parent__73605.1780027151.jpg?c=1 ; http://www.merchology.com/cdn/shop/products/1361518-Black-White-HTF_grande.jpg?v=1635282393;;;;
1275045,POLY,Femme,CAMISOLE,UNDER ARMOUR,PRINTEMPS 25,XS; S; M; L; XL,NOIR,30,30,5,5,Oui,5,https://images.essentialapparel.com/2247/19972_0.jpg ; https://shopcgx.com/cdn/shop/products/1_u2on-i8.jpg?v=1717009916 ; https://images.essentialapparel.com/2247/19972_1.jpg ; https://images.essentialapparel.com/2247/41354_1.jpg ; https://i.ebayimg.com/images/g/zoEAAOSwi2tnYRwT/s-l500.jpg;;;;;;;;
1361109,POLY,Femme,LEGGING,UNDER ARMOUR,PRINTEMPS 25,XS; S; M; L; XL,NOIR,70,70,2,5,Oui,5,https://underarmour.scene7.com/is/image/Underarmour/V5-1361109-003_FC?rp=standard-0pad%7Cpdp&qlt=85&bgc=f0f0f0&wid=800&hei=1000&op_usm=1.75%2C0.3%2C2%2C0 ; https://underarmour.scene7.com/is/image/Underarmour/PS1361109-003_HB?rp=standard-0pad%7Cpdp&qlt=85&bgc=f0f0f0&wid=800&hei=1000&op_usm=1.75%2C0.3%2C2%2C0 ; https://underarmour.scene7.com/is/image/Underarmour/V5-1361109-003_BC?rp=standard-0pad%7Cpdp&qlt=85&bgc=f0f0f0&wid=800&hei=1000&op_usm=1.75%2C0.3%2C2%2C0 ; https://underarmour.scene7.com/is/image/Underarmour/V5-1361109-003_SIDEDET?rp=standard-0pad%7Cpdp&qlt=85&bgc=f0f0f0&wid=800&hei=1000&op_usm=1.75%2C0.3%2C2%2C0 ; https://underarmour.scene7.com/is/image/Underarmour/V5-1361109-003_FSF?rp=standard-0pad%7Cpdp&qlt=85&bgc=f0f0f0&wid=800&hei=1000&op_usm=1.75%2C0.3%2C2%2C0;;;;;;;;
1361034,SOUTIEN-GEORGE,Femme,ACCESSOIRE,UNDER ARMOUR,PRINTEMPS 2026,XS; S; M; L; XL; XXL,BLEU; NOIR; BLANC; VERT; ROSE; MARINE; OLIVE,40,40,33,41,Oui,5,https://underarmour.scene7.com/is/image/Underarmour/V5-1361034-100_FC_MD?rp=standard-0pad%7Cpdp&qlt=85&bgc=f0f0f0&wid=800&hei=1000&op_usm=1.75%2C0.3%2C2%2C0 ; https://cdn11.bigcommerce.com/s-dvvakqujk6/images/stencil/500x659/products/35733/6951861/1361034-001_UNDE_BKGY_BlackGrey_XS_EA1__70885.1780267618.png?c=2 ; https://underarmour.scene7.com/is/image/Underarmour/V5-1361034-100_FC?rp=standard-0pad%7Cpdp&qlt=85&bgc=f0f0f0&wid=800&hei=1000&op_usm=1.75%2C0.3%2C2%2C0 ; https://underarmour.scene7.com/is/image/Underarmour/V5-1361034-430_FC?rp=standard-0pad%7CcartFullDesktop&qlt=85&bgc=f0f0f0&wid=400&hei=500&op_usm=1.75%2C0.3%2C2%2C0 ; https://underarmour.scene7.com/is/image/Underarmour/V5-1361034-601_FC?rp=standard-0pad%7CcartFullDesktop&qlt=85&bgc=f0f0f0&wid=400&hei=500&op_usm=1.75%2C0.3%2C2%2C0;
1360939,POLY,Femme,SHORT,UNDER ARMOUR,AUTOMNE 25,XS; S;" M,ROSE,40,40,4,3,Oui,5,""https://underarmour.scene7.com/is/image/Underarmour/V5-1360939-019_FC?rp=standard-0pad%7CcartFullDesktop&qlt=85&bgc=f0f0f0&wid=400&hei=500&op_usm=1.75%2C0.3%2C2%2C0 "; https://underarmour.scene7.com/is/image/Underarmour/V5-1360939-019_BC?rp=standard-0pad%7Cpdp&qlt=85&bgc=f0f0f0&wid=800&hei=1000&op_usm=1.75%2C0.3%2C2%2C0 ; https://underarmour.scene7.com/is/image/Underarmour/V5-1360939-019_FSF?rp=standard-0pad%7Cpdp&qlt=85&bgc=f0f0f0&wid=800&hei=1000&op_usm=1.75%2C0.3%2C2%2C0 ; https://herroom.scene7.com/is/image/Andraweb/under-armour-ua01-1360939-gs?wid=935&hei=1020&op_usm=1,1,0,0&fmt=webp ;" https://www.e-tennis.com/media/catalog/product/cache/9f6a0f2a2b1968473f9efdabe1103d96/1/3/1360939-001.webp""";;;;;;;;;;
1351243,POLY,Femme,SHORT,UNDER ARMOUR,PRINTEMPS 25,M; L; XL,NOIR,35,35,2,3,Oui,5,https://cdn11.bigcommerce.com/s-dvvakqujk6/images/stencil/1280x1280/products/47557/6998751/1351243-001_UNDE_BK_Black_XS_XS_EA5__03106.1785350114.jpg?c=2 ; https://buddysallstars.com/assets/images/1351243-001.png ; https://i5.walmartimages.com/asr/b52c89a3-afb7-43f1-82c2-637e911d3914.ad0b772ae2b5876b812bdeec523255c9.jpeg?odnHeight=328&odnWidth=328&odnBg=FFFFFF ; https://i5.walmartimages.com/asr/899a8731-2188-4c1b-b037-7f98a92b8496.609bc14463946ac0db6aa27a7e583c70.jpeg?odnHeight=768&odnWidth=768&odnBg=FFFFFF ; https://i5.walmartimages.com/asr/8f391eba-2e70-4172-bd29-e4b1294dc56f.6c02de56deb04611a56851957382e943.png?odnHeight=328&odnWidth=328&odnBg=FFFFFF;;;;;;;;;;
1350071,POLY,Homme,BERMUDA,UNDER ARMOUR,PRINTEMPS 2026,30;32;34;36;38;40; 42,BLEU; GRIS; BEIGE; NOIR,70,70,16,23,Oui,5,https://underarmour.scene7.com/is/image/Underarmour/V5-1350071-289_FC_Main?rp=standard-0pad%7Cpdp&qlt=85&bgc=f0f0f0&wid=800&hei=1000&op_usm=1.75%2C0.3%2C2%2C0 ; https://underarmour.scene7.com/is/image/Underarmour/PS1350071-289_HF?rp=standard-0pad%7Cpdp&qlt=85&bgc=f0f0f0&wid=800&hei=1000&op_usm=1.75%2C0.3%2C2%2C0 ; https://i.ebayimg.com/images/g/c7wAAOSwSZJitjjy/s-l1200.jpg ; https://i.ebayimg.com/images/g/opwAAeSwmGVpzRcH/s-l1200.jpg ; https://shopcgx.com/cdn/shop/products/1_r6wm-w5_800x.jpg?v=1717006540;;;
1329585,COL ROND POLY,Homme,CHANDAIL M.L.,UNDER ARMOUR,AUTOMNE 25,S; M; L; XL; XXL,BLEU; BEIGE,35,35,2,10,Oui,5,https://underarmour.scene7.com/is/image/Underarmour/V5-1329585-002_FC?rp=standard-0pad%7CcartFullDesktop&qlt=85&bgc=f0f0f0&wid=400&hei=500&op_usm=1.75%2C0.3%2C2%2C0 ; https://underarmour.scene7.com/is/image/Underarmour/V5-1329585-200_FC?rp=standard-0pad%7CcartFullDesktop&qlt=85&bgc=f0f0f0&wid=400&hei=500&op_usm=1.75%2C0.3%2C2%2C0 ; https://underarmour.scene7.com/is/image/Underarmour/PS1329585-100_HF?rp=standard-0pad%7Cpdp&qlt=85&bgc=f0f0f0&wid=800&hei=1000&op_usm=1.75%2C0.3%2C2%2C0 ; https://underarmour.scene7.com/is/image/Underarmour/V5-1329585-100_FC?rp=standard-0pad%7Cpdp&qlt=85&bgc=f0f0f0&wid=800&hei=1000&op_usm=1.75%2C0.3%2C2%2C0 ; https://underarmour.scene7.com/is/image/Underarmour/V5-1329585-625_FC?rp=standard-0pad%7CcartFullDesktop&qlt=85&bgc=f0f0f0&wid=400&hei=500&op_usm=1.75%2C0.3%2C2%2C0;;;;;;;
1329582,COL ROND COTON,Homme,CHANDAIL M.C.,UNDER ARMOUR,PRINTEMPS 2026,S; M; L; XL; XXL,GRIS; TURQUOISE,30,30,6,9,Oui,5,https://underarmour.scene7.com/is/image/Underarmour/V5-1329582-102_FC?rp=standard-0pad%7CcartFullDesktop&qlt=85&bgc=f0f0f0&wid=400&hei=500&op_usm=1.75%2C0.3%2C2%2C0 ; https://underarmour.scene7.com/is/image/Underarmour/V5-1329582-069_FC?rp=standard-0pad%7CcartFullDesktop&qlt=85&bgc=f0f0f0&wid=400&hei=500&op_usm=1.75%2C0.3%2C2%2C0 ; https://underarmour.scene7.com/is/image/Underarmour/V5-1329582-102_LOGO?rp=standard-0pad%7Cpdp&qlt=85&bgc=f0f0f0&wid=800&hei=1000&op_usm=1.75%2C0.3%2C2%2C0 ; https://underarmour.scene7.com/is/image/Underarmour/V5-1329582-102_BC?rp=standard-0pad%7Cpdp&qlt=85&bgc=f0f0f0&wid=800&hei=1000&op_usm=1.75%2C0.3%2C2%2C0 ; https://dakonda.com/437829-large_default/under-armor-1329582-t-shirt.jpg;;;;;;;
1328964,COL ROND POLY,Femme,CHANDAIL M.C.,UNDER ARMOUR,PRINTEMPS 25,XS; S; M; L;" XL,NOIR,35,35,10,5,Oui,5,""https://i5.walmartimages.com/seo/Under-Armour-Women-s-HeatGear-Short-Sleeve-Dri-Fit-Shirt-1328964_f65032ff-3451-45e7-9556-e6df0c0cb058.271160dca95e73fe7e103d869b2c7fc5.jpeg "; https://herroom.scene7.com/is/image/Andraweb/under-armour-ua01-1328964-gs?wid=935&hei=1020&op_usm=1,1,2,0 ; https://i5.walmartimages.com/seo/Under-Armour-Women-s-HeatGear-Short-Sleeve-Dri-Fit-Shirt-1328964-Grey-Metallic-Silver-XL_55624a57-660f-4b38-a6fa-8206b0f95ca7.83a3a568552635692d17b3d5406d8346.jpeg ; https://i1.t4s.cz/products/1328964-002/under-armour-tech-mesh-ss-blk-797138-1328964-002.jpg ;" https://herroom.scene7.com/is/image/Andraweb/under-armour-ua01-1328964-cs2?wid=935&hei=1020&op_usm=1,1,0,0&fmt=webp""";;;;;;;;
1328705,POLY,Homme,SHORT,UNDER ARMOUR,PRINTEMPS 25,S; M; L; XL; XXL,NOIR,35,35,1,5,Oui,5,https://underarmour.scene7.com/is/image/Underarmour/PS1328705-400_HF?rp=standard-0pad%7Cpdp&qlt=85&bgc=f0f0f0&wid=800&hei=1000&op_usm=1.75%2C0.3%2C2%2C0 ; https://underarmour.scene7.com/is/image/Underarmour/V5-1328705-400_FC?rp=standard-0pad%7Cpdp&qlt=85&bgc=f0f0f0&wid=800&hei=1000&op_usm=1.75%2C0.3%2C2%2C0 ; https://cdn11.bigcommerce.com/s-a0f6sfml69/images/stencil/1280x1280/products/11013/1371324/s7.ps1328705-012_hf__77208.1719275222.jpg?c=1 ; https://cdn11.bigcommerce.com/s-a0f6sfml69/images/stencil/1280x1280/products/11013/1371321/1328705-parent__61340.1719275221.jpg?c=1 ; https://cdn11.bigcommerce.com/s-a0f6sfml69/images/stencil/1280x1280/products/11013/1371322/s7.ps1328705-001_hf__87705.1719275221.jpg?c=1;;;;;;;;
1328496,COL ROND POLY,Homme,CHANDAIL M.L.,UNDER ARMOUR,PRINTEMPS 25,S; M; L;" XL,GRIS,35,35,2,4,Oui,5,""https://workingperson.com/media/catalog/product/v/5/v5-1328496-001_fcedit.jpg?optimize=medium&bg-color=255,255,255&fit=bounds&height=&width= "; https://underarmour.scene7.com/is/image/Underarmour/V5-1328496-348_FC?rp=standard-0pad%7Cpdp&qlt=85&bgc=f0f0f0&wid=800&hei=1000&op_usm=1.75%2C0.3%2C2%2C0 ; https://workingperson.com/media/catalog/product/1/3/1328496-433_laedit.jpg?optimize=medium&bg-color=255,255,255&fit=bounds&height=265&width=265&canvas=265:265 ; https://workingperson.com/media/catalog/product/v/5/v5-1328496-012_fcedit.jpg?optimize=medium&bg-color=255,255,255&fit=bounds&height=&width= ;" https://workingperson.com/media/catalog/product/v/5/v5-1328496-001_bcedit.jpg?optimize=medium&bg-color=255,255,255&fit=bounds&height=700&width=700&canvas=700:700""";;;;;;;;;
1328495,DEMI ZIP POLY,Homme,CHANDAIL M.L.,UNDER ARMOUR,PRINTEMPS 25,S; M; L; XL; XXL,GRIS;" KAKI,55,55,3,10,Oui,5,""https://underarmour.scene7.com/is/image/Underarmour/V5-1328495-392_FC?rp=standard-0pad%7Cpdp&qlt=85&bgc=f0f0f0&wid=800&hei=1000&op_usm=1.75%2C0.3%2C2%2C0 "; https://underarmour.scene7.com/is/image/Underarmour/V5-1328495-001_FC?rp=standard-0pad%7CcartFullDesktop&qlt=85&bgc=f0f0f0&wid=400&hei=500&op_usm=1.75%2C0.3%2C2%2C0 ; https://underarmour.scene7.com/is/image/Underarmour/PS1328495-392_HF?rp=standard-0pad%7Cpdp&qlt=85&bgc=f0f0f0&wid=800&hei=1000&op_usm=1.75%2C0.3%2C2%2C0 ; https://herroom.scene7.com/is/image/Andraweb/under-armour-ua01-1328495-gs?wid=483&hei=528&op_usm=1,1,1,0&fmt=webp ;" https://cdn11.bigcommerce.com/s-dvvakqujk6/images/stencil/1280x1280/products/47363/6988150/1328495-001_UNDE_BKBK_BlackBlack_M_EA1__47247.1784052860.jpg?c=2""";;;;;;;
1326799,COL ROND POLY,Homme,CHANDAIL M.C.,UNDER ARMOUR,PRINTEMPS 25,S; M; L; XL; XXL,BLEU; GRIS; BEIGE; NOIR; KAKI; ORANGE; BLANC; VERT; ROSE,30,30,25,43,Oui,5,https://underarmour.scene7.com/is/image/Underarmour/V5-1326799-100_FC?rp=standard-0pad%7Cpdp&qlt=85&bgc=f0f0f0&wid=800&hei=1000&op_usm=1.75%2C0.3%2C2%2C0 ; https://cdn11.bigcommerce.com/s-a0f6sfml69/images/stencil/1280x1280/products/11223/1373055/13267994082x_150__1__94455.1747172333.jpg?c=1 ; https://cdn11.bigcommerce.com/s-a0f6sfml69/images/stencil/1280x1280/products/11223/1373052/1326799-parent_947__4__61935.1747172333.jpg?c=1 ; https://cdn11.bigcommerce.com/s-a0f6sfml69/images/stencil/1280x1280/products/11223/1373050/1326799-parent_409__2__85019.1747172332.jpg?c=1 ; https://cdn11.bigcommerce.com/s-a0f6sfml69/images/stencil/1280x1280/products/11223/1373057/13267991002x_421__1__32922.1747172334.jpg?c=1
1326413,COL ROND POLY,Homme,CHANDAIL M.C.,UNDER ARMOUR,PRINTEMPS 25,S; M; L; XL; XXL,BLEU,30,30,0,5,Non,0,;;;;;;;;;;;;
